-- phpMyAdmin SQL Dump
-- version 5.0.2
-- https://www.phpmyadmin.net/
--
-- Host: 127.0.0.1
-- Generation Time: Jul 18, 2021 at 06:00 AM
-- Server version: 10.4.11-MariaDB
-- PHP Version: 7.4.6

SET SQL_MODE = "NO_AUTO_VALUE_ON_ZERO";
START TRANSACTION;
SET time_zone = "+00:00";


/*!40101 SET @OLD_CHARACTER_SET_CLIENT=@@CHARACTER_SET_CLIENT */;
/*!40101 SET @OLD_CHARACTER_SET_RESULTS=@@CHARACTER_SET_RESULTS */;
/*!40101 SET @OLD_COLLATION_CONNECTION=@@COLLATION_CONNECTION */;
/*!40101 SET NAMES utf8mb4 */;

--
-- Database: `ecobali`
--

-- --------------------------------------------------------

--
-- Table structure for table `areas`
--

CREATE TABLE `areas` (
  `id` int(10) UNSIGNED NOT NULL,
  `area_name` varchar(50) COLLATE utf8mb4_unicode_ci NOT NULL,
  `description` varchar(200) COLLATE utf8mb4_unicode_ci DEFAULT NULL,
  `created_by` varchar(100) COLLATE utf8mb4_unicode_ci DEFAULT NULL,
  `created_datetime` datetime DEFAULT NULL,
  `last_modified_by` varchar(100) COLLATE utf8mb4_unicode_ci DEFAULT NULL,
  `last_modified_datetime` datetime DEFAULT NULL,
  `created_at` timestamp NULL DEFAULT NULL,
  `updated_at` timestamp NULL DEFAULT NULL
) ENGINE=InnoDB DEFAULT CHARSET=utf8mb4 COLLATE=utf8mb4_unicode_ci;

--
-- Dumping data for table `areas`
--

INSERT INTO `areas` (`id`, `area_name`, `description`, `created_by`, `created_datetime`, `last_modified_by`, `last_modified_datetime`, `created_at`, `updated_at`) VALUES
(2, 'Aan', NULL, 'System', '2021-07-13 14:27:43', NULL, NULL, '2021-07-13 06:27:43', '2021-07-13 06:27:43'),
(3, 'Ababi', NULL, 'System', '2021-07-13 14:27:43', NULL, NULL, '2021-07-13 06:27:43', '2021-07-13 06:27:43'),
(4, 'Abang', NULL, 'System', '2021-07-13 14:27:43', NULL, NULL, '2021-07-13 06:27:43', '2021-07-13 06:27:43'),
(5, 'Abang Batu Dinding', NULL, 'System', '2021-07-13 14:27:43', NULL, NULL, '2021-07-13 06:27:43', '2021-07-13 06:27:43'),
(6, 'Abang Songan', NULL, 'System', '2021-07-13 14:27:43', NULL, NULL, '2021-07-13 06:27:43', '2021-07-13 06:27:43'),
(7, 'Abian Tuwung', NULL, 'System', '2021-07-13 14:27:43', NULL, NULL, '2021-07-13 06:27:43', '2021-07-13 06:27:43'),
(8, 'Abianbase', NULL, 'System', '2021-07-13 14:27:43', NULL, NULL, '2021-07-13 06:27:43', '2021-07-13 06:27:43'),
(9, 'Abiansemal', NULL, 'System', '2021-07-13 14:27:43', NULL, NULL, '2021-07-13 06:27:43', '2021-07-13 06:27:43'),
(10, 'Abuan', NULL, 'System', '2021-07-13 14:27:43', NULL, NULL, '2021-07-13 06:27:43', '2021-07-13 06:27:43'),
(11, 'Air Kuning', NULL, 'System', '2021-07-13 14:27:43', NULL, NULL, '2021-07-13 06:27:43', '2021-07-13 06:27:43'),
(12, 'Akah', NULL, 'System', '2021-07-13 14:27:43', NULL, NULL, '2021-07-13 06:27:43', '2021-07-13 06:27:43'),
(13, 'Alasangker', NULL, 'System', '2021-07-13 14:27:43', NULL, NULL, '2021-07-13 06:27:43', '2021-07-13 06:27:43'),
(14, 'Ambengan', NULL, 'System', '2021-07-13 14:27:43', NULL, NULL, '2021-07-13 06:27:43', '2021-07-13 06:27:43'),
(15, 'Amerta Bhuana', NULL, 'System', '2021-07-13 14:27:43', NULL, NULL, '2021-07-13 06:27:43', '2021-07-13 06:27:43'),
(16, 'Angantaka', NULL, 'System', '2021-07-13 14:27:43', NULL, NULL, '2021-07-13 06:27:43', '2021-07-13 06:27:43'),
(17, 'Angkah', NULL, 'System', '2021-07-13 14:27:43', NULL, NULL, '2021-07-13 06:27:43', '2021-07-13 06:27:43'),
(18, 'Angseri', NULL, 'System', '2021-07-13 14:27:43', NULL, NULL, '2021-07-13 06:27:43', '2021-07-13 06:27:43'),
(19, 'Antap', NULL, 'System', '2021-07-13 14:27:43', NULL, NULL, '2021-07-13 06:27:43', '2021-07-13 06:27:43'),
(20, 'Antapan', NULL, 'System', '2021-07-13 14:27:43', NULL, NULL, '2021-07-13 06:27:43', '2021-07-13 06:27:43'),
(21, 'Antiga', NULL, 'System', '2021-07-13 14:27:43', NULL, NULL, '2021-07-13 06:27:43', '2021-07-13 06:27:43'),
(22, 'Antiga Kelod', NULL, 'System', '2021-07-13 14:27:43', NULL, NULL, '2021-07-13 06:27:43', '2021-07-13 06:27:43'),
(23, 'Antosari', NULL, 'System', '2021-07-13 14:27:43', NULL, NULL, '2021-07-13 06:27:43', '2021-07-13 06:27:43'),
(24, 'Anturan', NULL, 'System', '2021-07-13 14:27:43', NULL, NULL, '2021-07-13 06:27:43', '2021-07-13 06:27:43'),
(25, 'Apuan', NULL, 'System', '2021-07-13 14:27:43', NULL, NULL, '2021-07-13 06:27:43', '2021-07-13 06:27:43'),
(26, 'Asahduren', NULL, 'System', '2021-07-13 14:27:43', NULL, NULL, '2021-07-13 06:27:43', '2021-07-13 06:27:43'),
(27, 'Astina', NULL, 'System', '2021-07-13 14:27:43', NULL, NULL, '2021-07-13 06:27:43', '2021-07-13 06:27:43'),
(28, 'Awan', NULL, 'System', '2021-07-13 14:27:43', NULL, NULL, '2021-07-13 06:27:43', '2021-07-13 06:27:43'),
(29, 'Ayunan', NULL, 'System', '2021-07-13 14:27:43', NULL, NULL, '2021-07-13 06:27:43', '2021-07-13 06:27:43'),
(30, 'Babahan', NULL, 'System', '2021-07-13 14:27:43', NULL, NULL, '2021-07-13 06:27:43', '2021-07-13 06:27:43'),
(31, 'Baha', NULL, 'System', '2021-07-13 14:27:43', NULL, NULL, '2021-07-13 06:27:43', '2021-07-13 06:27:43'),
(32, 'Bajera', NULL, 'System', '2021-07-13 14:27:43', NULL, NULL, '2021-07-13 06:27:43', '2021-07-13 06:27:43'),
(33, 'Bajera Utara', NULL, 'System', '2021-07-13 14:27:43', NULL, NULL, '2021-07-13 06:27:43', '2021-07-13 06:27:43'),
(34, 'Bakas', NULL, 'System', '2021-07-13 14:27:43', NULL, NULL, '2021-07-13 06:27:43', '2021-07-13 06:27:43'),
(35, 'Bakbakan', NULL, 'System', '2021-07-13 14:27:43', NULL, NULL, '2021-07-13 06:27:43', '2021-07-13 06:27:43'),
(36, 'Baktiseraga', NULL, 'System', '2021-07-13 14:27:43', NULL, NULL, '2021-07-13 06:27:43', '2021-07-13 06:27:43'),
(37, 'Baler Bale Agung', NULL, 'System', '2021-07-13 14:27:43', NULL, NULL, '2021-07-13 06:27:43', '2021-07-13 06:27:43'),
(38, 'Baluk', NULL, 'System', '2021-07-13 14:27:43', NULL, NULL, '2021-07-13 06:27:43', '2021-07-13 06:27:43'),
(39, 'Ban', NULL, 'System', '2021-07-13 14:27:43', NULL, NULL, '2021-07-13 06:27:43', '2021-07-13 06:27:43'),
(40, 'Bangbang', NULL, 'System', '2021-07-13 14:27:43', NULL, NULL, '2021-07-13 06:27:43', '2021-07-13 06:27:43'),
(41, 'Bangli', NULL, 'System', '2021-07-13 14:27:43', NULL, NULL, '2021-07-13 06:27:43', '2021-07-13 06:27:43'),
(42, 'Banjar', NULL, 'System', '2021-07-13 14:27:43', NULL, NULL, '2021-07-13 06:27:43', '2021-07-13 06:27:43'),
(43, 'Banjar Anyar', NULL, 'System', '2021-07-13 14:27:43', NULL, NULL, '2021-07-13 06:27:43', '2021-07-13 06:27:43'),
(44, 'Banjar Asem', NULL, 'System', '2021-07-13 14:27:43', NULL, NULL, '2021-07-13 06:27:43', '2021-07-13 06:27:43'),
(45, 'Banjar Bali', NULL, 'System', '2021-07-13 14:27:43', NULL, NULL, '2021-07-13 06:27:43', '2021-07-13 06:27:43'),
(46, 'Banjar Jawa', NULL, 'System', '2021-07-13 14:27:43', NULL, NULL, '2021-07-13 06:27:43', '2021-07-13 06:27:43'),
(47, 'Banjar Tegal', NULL, 'System', '2021-07-13 14:27:43', NULL, NULL, '2021-07-13 06:27:43', '2021-07-13 06:27:43'),
(48, 'Banjar Tegeha', NULL, 'System', '2021-07-13 14:27:43', NULL, NULL, '2021-07-13 06:27:43', '2021-07-13 06:27:43'),
(49, 'Banjar Tengah', NULL, 'System', '2021-07-13 14:27:43', NULL, NULL, '2021-07-13 06:27:43', '2021-07-13 06:27:43'),
(50, 'Banjarangkan', NULL, 'System', '2021-07-13 14:27:43', NULL, NULL, '2021-07-13 06:27:43', '2021-07-13 06:27:43'),
(51, 'Bantang', NULL, 'System', '2021-07-13 14:27:43', NULL, NULL, '2021-07-13 06:27:43', '2021-07-13 06:27:43'),
(52, 'Bantas', NULL, 'System', '2021-07-13 14:27:43', NULL, NULL, '2021-07-13 06:27:43', '2021-07-13 06:27:43'),
(53, 'Bantiran', NULL, 'System', '2021-07-13 14:27:43', NULL, NULL, '2021-07-13 06:27:43', '2021-07-13 06:27:43'),
(54, 'Banua', NULL, 'System', '2021-07-13 14:27:43', NULL, NULL, '2021-07-13 06:27:43', '2021-07-13 06:27:43'),
(55, 'Banyuasri', NULL, 'System', '2021-07-13 14:27:43', NULL, NULL, '2021-07-13 06:27:43', '2021-07-13 06:27:43'),
(56, 'Banyuatis', NULL, 'System', '2021-07-13 14:27:43', NULL, NULL, '2021-07-13 06:27:43', '2021-07-13 06:27:43'),
(57, 'Banyubiru', NULL, 'System', '2021-07-13 14:27:43', NULL, NULL, '2021-07-13 06:27:43', '2021-07-13 06:27:43'),
(58, 'Banyuning', NULL, 'System', '2021-07-13 14:27:43', NULL, NULL, '2021-07-13 06:27:43', '2021-07-13 06:27:43'),
(59, 'Banyupoh', NULL, 'System', '2021-07-13 14:27:43', NULL, NULL, '2021-07-13 06:27:43', '2021-07-13 06:27:43'),
(60, 'Banyusri', NULL, 'System', '2021-07-13 14:27:43', NULL, NULL, '2021-07-13 06:27:43', '2021-07-13 06:27:43'),
(61, 'Baru', NULL, 'System', '2021-07-13 14:27:43', NULL, NULL, '2021-07-13 06:27:43', '2021-07-13 06:27:43'),
(62, 'Batannyuh', NULL, 'System', '2021-07-13 14:27:43', NULL, NULL, '2021-07-13 06:27:43', '2021-07-13 06:27:43'),
(63, 'Batuagung', NULL, 'System', '2021-07-13 14:27:43', NULL, NULL, '2021-07-13 06:27:43', '2021-07-13 06:27:43'),
(64, 'Batuaji', NULL, 'System', '2021-07-13 14:27:43', NULL, NULL, '2021-07-13 06:27:43', '2021-07-13 06:27:43'),
(65, 'Batuan', NULL, 'System', '2021-07-13 14:27:43', NULL, NULL, '2021-07-13 06:27:43', '2021-07-13 06:27:43'),
(66, 'Batuan Kaler', NULL, 'System', '2021-07-13 14:27:43', NULL, NULL, '2021-07-13 06:27:43', '2021-07-13 06:27:43'),
(67, 'Batubulan', NULL, 'System', '2021-07-13 14:27:43', NULL, NULL, '2021-07-13 06:27:43', '2021-07-13 06:27:43'),
(68, 'Batubulan Kangin', NULL, 'System', '2021-07-13 14:27:43', NULL, NULL, '2021-07-13 06:27:43', '2021-07-13 06:27:43'),
(69, 'Batukaang', NULL, 'System', '2021-07-13 14:27:43', NULL, NULL, '2021-07-13 06:27:43', '2021-07-13 06:27:43'),
(70, 'Batukandik', NULL, 'System', '2021-07-13 14:27:43', NULL, NULL, '2021-07-13 06:27:43', '2021-07-13 06:27:43'),
(71, 'Batumadeg', NULL, 'System', '2021-07-13 14:27:43', NULL, NULL, '2021-07-13 06:27:43', '2021-07-13 06:27:43'),
(72, 'Batungsel', NULL, 'System', '2021-07-13 14:27:43', NULL, NULL, '2021-07-13 06:27:43', '2021-07-13 06:27:43'),
(73, 'Batununggul', NULL, 'System', '2021-07-13 14:27:43', NULL, NULL, '2021-07-13 06:27:43', '2021-07-13 06:27:43'),
(74, 'Batunya', NULL, 'System', '2021-07-13 14:27:43', NULL, NULL, '2021-07-13 06:27:43', '2021-07-13 06:27:43'),
(75, 'Batur Selatan', NULL, 'System', '2021-07-13 14:27:43', NULL, NULL, '2021-07-13 06:27:43', '2021-07-13 06:27:43'),
(76, 'Batur Tengah', NULL, 'System', '2021-07-13 14:27:43', NULL, NULL, '2021-07-13 06:27:43', '2021-07-13 06:27:43'),
(77, 'Batur Utara', NULL, 'System', '2021-07-13 14:27:43', NULL, NULL, '2021-07-13 06:27:43', '2021-07-13 06:27:43'),
(78, 'Baturinggit', NULL, 'System', '2021-07-13 14:27:43', NULL, NULL, '2021-07-13 06:27:43', '2021-07-13 06:27:43'),
(79, 'Baturiti', NULL, 'System', '2021-07-13 14:27:43', NULL, NULL, '2021-07-13 06:27:43', '2021-07-13 06:27:43'),
(80, 'Bayung Gede', NULL, 'System', '2021-07-13 14:27:43', NULL, NULL, '2021-07-13 06:27:43', '2021-07-13 06:27:43'),
(81, 'Bayungcerik', NULL, 'System', '2021-07-13 14:27:43', NULL, NULL, '2021-07-13 06:27:43', '2021-07-13 06:27:43'),
(82, 'Bebalang', NULL, 'System', '2021-07-13 14:27:43', NULL, NULL, '2021-07-13 06:27:43', '2021-07-13 06:27:43'),
(83, 'Bebandem', NULL, 'System', '2021-07-13 14:27:43', NULL, NULL, '2021-07-13 06:27:43', '2021-07-13 06:27:43'),
(84, 'Bebetin', NULL, 'System', '2021-07-13 14:27:43', NULL, NULL, '2021-07-13 06:27:43', '2021-07-13 06:27:43'),
(85, 'Bedulu', NULL, 'System', '2021-07-13 14:27:43', NULL, NULL, '2021-07-13 06:27:43', '2021-07-13 06:27:43'),
(86, 'Belalang', NULL, 'System', '2021-07-13 14:27:43', NULL, NULL, '2021-07-13 06:27:43', '2021-07-13 06:27:43'),
(87, 'Belancan', NULL, 'System', '2021-07-13 14:27:43', NULL, NULL, '2021-07-13 06:27:43', '2021-07-13 06:27:43'),
(88, 'Belandingan', NULL, 'System', '2021-07-13 14:27:43', NULL, NULL, '2021-07-13 06:27:43', '2021-07-13 06:27:43'),
(89, 'Belanga', NULL, 'System', '2021-07-13 14:27:43', NULL, NULL, '2021-07-13 06:27:43', '2021-07-13 06:27:43'),
(90, 'Belantih', NULL, 'System', '2021-07-13 14:27:43', NULL, NULL, '2021-07-13 06:27:43', '2021-07-13 06:27:43'),
(91, 'Belatungan', NULL, 'System', '2021-07-13 14:27:43', NULL, NULL, '2021-07-13 06:27:43', '2021-07-13 06:27:43'),
(92, 'Belega', NULL, 'System', '2021-07-13 14:27:43', NULL, NULL, '2021-07-13 06:27:43', '2021-07-13 06:27:43'),
(93, 'Belimbing', NULL, 'System', '2021-07-13 14:27:43', NULL, NULL, '2021-07-13 06:27:43', '2021-07-13 06:27:43'),
(94, 'Belok/Sidan', NULL, 'System', '2021-07-13 14:27:43', NULL, NULL, '2021-07-13 06:27:43', '2021-07-13 06:27:43'),
(95, 'Belumbang', NULL, 'System', '2021-07-13 14:27:43', NULL, NULL, '2021-07-13 06:27:43', '2021-07-13 06:27:43'),
(96, 'Beng', NULL, 'System', '2021-07-13 14:27:43', NULL, NULL, '2021-07-13 06:27:43', '2021-07-13 06:27:43'),
(97, 'Bengkala', NULL, 'System', '2021-07-13 14:27:43', NULL, NULL, '2021-07-13 06:27:43', '2021-07-13 06:27:43'),
(98, 'Bengkel', NULL, 'System', '2021-07-13 14:27:43', NULL, NULL, '2021-07-13 06:27:43', '2021-07-13 06:27:43'),
(99, 'Bengkel Sari', NULL, 'System', '2021-07-13 14:27:43', NULL, NULL, '2021-07-13 06:27:43', '2021-07-13 06:27:43'),
(100, 'Benoa', NULL, 'System', '2021-07-13 14:27:43', NULL, NULL, '2021-07-13 06:27:43', '2021-07-13 06:27:43'),
(101, 'Beraban', NULL, 'System', '2021-07-13 14:27:43', NULL, NULL, '2021-07-13 06:27:43', '2021-07-13 06:27:43'),
(102, 'Berangbang', NULL, 'System', '2021-07-13 14:27:43', NULL, NULL, '2021-07-13 06:27:43', '2021-07-13 06:27:43'),
(103, 'Beratan', NULL, 'System', '2021-07-13 14:27:43', NULL, NULL, '2021-07-13 06:27:43', '2021-07-13 06:27:43'),
(104, 'Berembeng', NULL, 'System', '2021-07-13 14:27:43', NULL, NULL, '2021-07-13 06:27:43', '2021-07-13 06:27:43'),
(105, 'Beresela', NULL, 'System', '2021-07-13 14:27:43', NULL, NULL, '2021-07-13 06:27:43', '2021-07-13 06:27:43'),
(106, 'Beringkit Belayu', NULL, 'System', '2021-07-13 14:27:43', NULL, NULL, '2021-07-13 06:27:43', '2021-07-13 06:27:43'),
(107, 'Besakih', NULL, 'System', '2021-07-13 14:27:43', NULL, NULL, '2021-07-13 06:27:43', '2021-07-13 06:27:43'),
(108, 'Besan', NULL, 'System', '2021-07-13 14:27:43', NULL, NULL, '2021-07-13 06:27:43', '2021-07-13 06:27:43'),
(109, 'Bestala', NULL, 'System', '2021-07-13 14:27:43', NULL, NULL, '2021-07-13 06:27:43', '2021-07-13 06:27:43'),
(110, 'Bhuana Giri', NULL, 'System', '2021-07-13 14:27:43', NULL, NULL, '2021-07-13 06:27:43', '2021-07-13 06:27:43'),
(111, 'Biaung', NULL, 'System', '2021-07-13 14:27:43', NULL, NULL, '2021-07-13 06:27:43', '2021-07-13 06:27:43'),
(112, 'Bila', NULL, 'System', '2021-07-13 14:27:43', NULL, NULL, '2021-07-13 06:27:43', '2021-07-13 06:27:43'),
(113, 'Binyan', NULL, 'System', '2021-07-13 14:27:43', NULL, NULL, '2021-07-13 06:27:43', '2021-07-13 06:27:43'),
(114, 'Bitera', NULL, 'System', '2021-07-13 14:27:43', NULL, NULL, '2021-07-13 06:27:43', '2021-07-13 06:27:43'),
(115, 'Blahbatuh', NULL, 'System', '2021-07-13 14:27:43', NULL, NULL, '2021-07-13 06:27:43', '2021-07-13 06:27:43'),
(116, 'Blahkiuh', NULL, 'System', '2021-07-13 14:27:43', NULL, NULL, '2021-07-13 06:27:43', '2021-07-13 06:27:43'),
(117, 'Blimbingsari', NULL, 'System', '2021-07-13 14:27:43', NULL, NULL, '2021-07-13 06:27:43', '2021-07-13 06:27:43'),
(118, 'Bona', NULL, 'System', '2021-07-13 14:27:43', NULL, NULL, '2021-07-13 06:27:43', '2021-07-13 06:27:43'),
(119, 'Bondalem', NULL, 'System', '2021-07-13 14:27:43', NULL, NULL, '2021-07-13 06:27:43', '2021-07-13 06:27:43'),
(120, 'Bongan', NULL, 'System', '2021-07-13 14:27:43', NULL, NULL, '2021-07-13 06:27:43', '2021-07-13 06:27:43'),
(121, 'Bongancina', NULL, 'System', '2021-07-13 14:27:43', NULL, NULL, '2021-07-13 06:27:43', '2021-07-13 06:27:43'),
(122, 'Bongkasa', NULL, 'System', '2021-07-13 14:27:43', NULL, NULL, '2021-07-13 06:27:43', '2021-07-13 06:27:43'),
(123, 'Bongkasa Pertiwi', NULL, 'System', '2021-07-13 14:27:43', NULL, NULL, '2021-07-13 06:27:43', '2021-07-13 06:27:43'),
(124, 'Bontihing', NULL, 'System', '2021-07-13 14:27:43', NULL, NULL, '2021-07-13 06:27:43', '2021-07-13 06:27:43'),
(125, 'Bonyoh', NULL, 'System', '2021-07-13 14:27:43', NULL, NULL, '2021-07-13 06:27:43', '2021-07-13 06:27:43'),
(126, 'Buahan', NULL, 'System', '2021-07-13 14:27:43', NULL, NULL, '2021-07-13 06:27:43', '2021-07-13 06:27:43'),
(127, 'Buahan Kaja', NULL, 'System', '2021-07-13 14:27:43', NULL, NULL, '2021-07-13 06:27:43', '2021-07-13 06:27:43'),
(128, 'Bubunan', NULL, 'System', '2021-07-13 14:27:43', NULL, NULL, '2021-07-13 06:27:43', '2021-07-13 06:27:43'),
(129, 'Budakeling', NULL, 'System', '2021-07-13 14:27:43', NULL, NULL, '2021-07-13 06:27:43', '2021-07-13 06:27:43'),
(130, 'Budeng', NULL, 'System', '2021-07-13 14:27:43', NULL, NULL, '2021-07-13 06:27:43', '2021-07-13 06:27:43'),
(131, 'Buduk', NULL, 'System', '2021-07-13 14:27:43', NULL, NULL, '2021-07-13 06:27:43', '2021-07-13 06:27:43'),
(132, 'Bugbug', NULL, 'System', '2021-07-13 14:27:43', NULL, NULL, '2021-07-13 06:27:43', '2021-07-13 06:27:43'),
(133, 'Bukian', NULL, 'System', '2021-07-13 14:27:43', NULL, NULL, '2021-07-13 06:27:43', '2021-07-13 06:27:43'),
(134, 'Bukit', NULL, 'System', '2021-07-13 14:27:43', NULL, NULL, '2021-07-13 06:27:43', '2021-07-13 06:27:43'),
(135, 'Bukti', NULL, 'System', '2021-07-13 14:27:43', NULL, NULL, '2021-07-13 06:27:43', '2021-07-13 06:27:43'),
(136, 'Bulian', NULL, 'System', '2021-07-13 14:27:43', NULL, NULL, '2021-07-13 06:27:43', '2021-07-13 06:27:43'),
(137, 'Bunga Mekar', NULL, 'System', '2021-07-13 14:27:43', NULL, NULL, '2021-07-13 06:27:43', '2021-07-13 06:27:43'),
(138, 'Bungaya', NULL, 'System', '2021-07-13 14:27:43', NULL, NULL, '2021-07-13 06:27:43', '2021-07-13 06:27:43'),
(139, 'Bungaya Kangin', NULL, 'System', '2021-07-13 14:27:43', NULL, NULL, '2021-07-13 06:27:43', '2021-07-13 06:27:43'),
(140, 'Bungbungan', NULL, 'System', '2021-07-13 14:27:43', NULL, NULL, '2021-07-13 06:27:43', '2021-07-13 06:27:43'),
(141, 'Bungkulan', NULL, 'System', '2021-07-13 14:27:43', NULL, NULL, '2021-07-13 06:27:43', '2021-07-13 06:27:43'),
(142, 'Bunutan', NULL, 'System', '2021-07-13 14:27:43', NULL, NULL, '2021-07-13 06:27:43', '2021-07-13 06:27:43'),
(143, 'Bunutin', NULL, 'System', '2021-07-13 14:27:43', NULL, NULL, '2021-07-13 06:27:43', '2021-07-13 06:27:43'),
(144, 'Buruan', NULL, 'System', '2021-07-13 14:27:43', NULL, NULL, '2021-07-13 06:27:43', '2021-07-13 06:27:43'),
(145, 'Busungbiu', NULL, 'System', '2021-07-13 14:27:43', NULL, NULL, '2021-07-13 06:27:43', '2021-07-13 06:27:43'),
(146, 'Buwit', NULL, 'System', '2021-07-13 14:27:43', NULL, NULL, '2021-07-13 06:27:43', '2021-07-13 06:27:43'),
(147, 'Candikuning', NULL, 'System', '2021-07-13 14:27:43', NULL, NULL, '2021-07-13 06:27:43', '2021-07-13 06:27:43'),
(148, 'Candikusuma', NULL, 'System', '2021-07-13 14:27:43', NULL, NULL, '2021-07-13 06:27:43', '2021-07-13 06:27:43'),
(149, 'Canggu', NULL, 'System', '2021-07-13 14:27:43', NULL, NULL, '2021-07-13 06:27:43', '2021-07-13 06:27:43'),
(150, 'Carangsari', NULL, 'System', '2021-07-13 14:27:43', NULL, NULL, '2021-07-13 06:27:43', '2021-07-13 06:27:43'),
(151, 'Catur', NULL, 'System', '2021-07-13 14:27:43', NULL, NULL, '2021-07-13 06:27:43', '2021-07-13 06:27:43'),
(152, 'Tengkudak', NULL, 'System', '2021-07-13 14:27:43', NULL, NULL, '2021-07-13 06:27:43', '2021-07-13 06:27:43'),
(153, 'Caubelayu', NULL, 'System', '2021-07-13 14:27:43', NULL, NULL, '2021-07-13 06:27:43', '2021-07-13 06:27:43'),
(154, 'Celuk', NULL, 'System', '2021-07-13 14:27:43', NULL, NULL, '2021-07-13 06:27:43', '2021-07-13 06:27:43'),
(155, 'Celukan Bawang', NULL, 'System', '2021-07-13 14:27:43', NULL, NULL, '2021-07-13 06:27:43', '2021-07-13 06:27:43'),
(156, 'Cemagi', NULL, 'System', '2021-07-13 14:27:43', NULL, NULL, '2021-07-13 06:27:43', '2021-07-13 06:27:43'),
(157, 'Cempaga', NULL, 'System', '2021-07-13 14:27:43', NULL, NULL, '2021-07-13 06:27:43', '2021-07-13 06:27:43'),
(158, 'Cepaka', NULL, 'System', '2021-07-13 14:27:43', NULL, NULL, '2021-07-13 06:27:43', '2021-07-13 06:27:43'),
(159, 'Culik', NULL, 'System', '2021-07-13 14:27:43', NULL, NULL, '2021-07-13 06:27:43', '2021-07-13 06:27:43'),
(160, 'Cupel', NULL, 'System', '2021-07-13 14:27:43', NULL, NULL, '2021-07-13 06:27:43', '2021-07-13 06:27:43'),
(161, 'Dajan Peken', NULL, 'System', '2021-07-13 14:27:43', NULL, NULL, '2021-07-13 06:27:43', '2021-07-13 06:27:43'),
(162, 'Dajan Puri', NULL, 'System', '2021-07-13 14:27:43', NULL, NULL, '2021-07-13 06:27:43', '2021-07-13 06:27:43'),
(163, 'Dalang', NULL, 'System', '2021-07-13 14:27:43', NULL, NULL, '2021-07-13 06:27:43', '2021-07-13 06:27:43'),
(164, 'Dalung', NULL, 'System', '2021-07-13 14:27:43', NULL, NULL, '2021-07-13 06:27:43', '2021-07-13 06:27:43'),
(165, 'Dangin Puri', NULL, 'System', '2021-07-13 14:27:43', NULL, NULL, '2021-07-13 06:27:43', '2021-07-13 06:27:43'),
(166, 'Dangin Puri Kaja', NULL, 'System', '2021-07-13 14:27:43', NULL, NULL, '2021-07-13 06:27:43', '2021-07-13 06:27:43'),
(167, 'Dangin Puri Kangin', NULL, 'System', '2021-07-13 14:27:43', NULL, NULL, '2021-07-13 06:27:43', '2021-07-13 06:27:43'),
(168, 'Dangin Puri Kauh', NULL, 'System', '2021-07-13 14:27:43', NULL, NULL, '2021-07-13 06:27:43', '2021-07-13 06:27:43'),
(169, 'Dangin Puri Klod', NULL, 'System', '2021-07-13 14:27:43', NULL, NULL, '2021-07-13 06:27:43', '2021-07-13 06:27:43'),
(170, 'Dangin Tukadaya', NULL, 'System', '2021-07-13 14:27:43', NULL, NULL, '2021-07-13 06:27:43', '2021-07-13 06:27:43'),
(171, 'Darmasaba', NULL, 'System', '2021-07-13 14:27:43', NULL, NULL, '2021-07-13 06:27:43', '2021-07-13 06:27:43'),
(172, 'Datah', NULL, 'System', '2021-07-13 14:27:43', NULL, NULL, '2021-07-13 06:27:43', '2021-07-13 06:27:43'),
(173, 'Dauh Peken', NULL, 'System', '2021-07-13 14:27:43', NULL, NULL, '2021-07-13 06:27:43', '2021-07-13 06:27:43'),
(174, 'Dauh Puri', NULL, 'System', '2021-07-13 14:27:43', NULL, NULL, '2021-07-13 06:27:43', '2021-07-13 06:27:43'),
(175, 'Dauh Puri Kaja', NULL, 'System', '2021-07-13 14:27:43', NULL, NULL, '2021-07-13 06:27:43', '2021-07-13 06:27:43'),
(176, 'Dauh Puri Kangin', NULL, 'System', '2021-07-13 14:27:43', NULL, NULL, '2021-07-13 06:27:43', '2021-07-13 06:27:43'),
(177, 'Dauh Puri Kauh', NULL, 'System', '2021-07-13 14:27:43', NULL, NULL, '2021-07-13 06:27:43', '2021-07-13 06:27:43'),
(178, 'Dauh Puri Klod', NULL, 'System', '2021-07-13 14:27:43', NULL, NULL, '2021-07-13 06:27:43', '2021-07-13 06:27:43'),
(179, 'Dauh Yeh Cani', NULL, 'System', '2021-07-13 14:27:43', NULL, NULL, '2021-07-13 06:27:43', '2021-07-13 06:27:43'),
(180, 'Dauhwaru', NULL, 'System', '2021-07-13 14:27:43', NULL, NULL, '2021-07-13 06:27:43', '2021-07-13 06:27:43'),
(181, 'Daup', NULL, 'System', '2021-07-13 14:27:43', NULL, NULL, '2021-07-13 06:27:43', '2021-07-13 06:27:43'),
(182, 'Dausa', NULL, 'System', '2021-07-13 14:27:43', NULL, NULL, '2021-07-13 06:27:43', '2021-07-13 06:27:43'),
(183, 'Dawan Kaler', NULL, 'System', '2021-07-13 14:27:43', NULL, NULL, '2021-07-13 06:27:43', '2021-07-13 06:27:43'),
(184, 'Dawan Klod', NULL, 'System', '2021-07-13 14:27:43', NULL, NULL, '2021-07-13 06:27:43', '2021-07-13 06:27:43'),
(185, 'Delod Berawah', NULL, 'System', '2021-07-13 14:27:43', NULL, NULL, '2021-07-13 06:27:43', '2021-07-13 06:27:43'),
(186, 'Delod Peken', NULL, 'System', '2021-07-13 14:27:43', NULL, NULL, '2021-07-13 06:27:43', '2021-07-13 06:27:43'),
(187, 'Demulih', NULL, 'System', '2021-07-13 14:27:43', NULL, NULL, '2021-07-13 06:27:43', '2021-07-13 06:27:43'),
(188, 'Denbantas', NULL, 'System', '2021-07-13 14:27:43', NULL, NULL, '2021-07-13 06:27:43', '2021-07-13 06:27:43'),
(189, 'Dencarik', NULL, 'System', '2021-07-13 14:27:43', NULL, NULL, '2021-07-13 06:27:43', '2021-07-13 06:27:43'),
(190, 'Depeha', NULL, 'System', '2021-07-13 14:27:43', NULL, NULL, '2021-07-13 06:27:43', '2021-07-13 06:27:43'),
(191, 'Duda', NULL, 'System', '2021-07-13 14:27:43', NULL, NULL, '2021-07-13 06:27:43', '2021-07-13 06:27:43'),
(192, 'Duda Timur', NULL, 'System', '2021-07-13 14:27:43', NULL, NULL, '2021-07-13 06:27:43', '2021-07-13 06:27:43'),
(193, 'Duda Utara', NULL, 'System', '2021-07-13 14:27:43', NULL, NULL, '2021-07-13 06:27:43', '2021-07-13 06:27:43'),
(194, 'Dukuh', NULL, 'System', '2021-07-13 14:27:43', NULL, NULL, '2021-07-13 06:27:43', '2021-07-13 06:27:43'),
(195, 'Ekasari', NULL, 'System', '2021-07-13 14:27:43', NULL, NULL, '2021-07-13 06:27:43', '2021-07-13 06:27:43'),
(196, 'Gadung Sari', NULL, 'System', '2021-07-13 14:27:43', NULL, NULL, '2021-07-13 06:27:43', '2021-07-13 06:27:43'),
(197, 'Gadungan', NULL, 'System', '2021-07-13 14:27:43', NULL, NULL, '2021-07-13 06:27:43', '2021-07-13 06:27:43'),
(198, 'Galungan', NULL, 'System', '2021-07-13 14:27:43', NULL, NULL, '2021-07-13 06:27:43', '2021-07-13 06:27:43'),
(199, 'Gegelang', NULL, 'System', '2021-07-13 14:27:43', NULL, NULL, '2021-07-13 06:27:43', '2021-07-13 06:27:43'),
(200, 'Gelgel', NULL, 'System', '2021-07-13 14:27:43', NULL, NULL, '2021-07-13 06:27:43', '2021-07-13 06:27:43'),
(201, 'Geluntung', NULL, 'System', '2021-07-13 14:27:43', NULL, NULL, '2021-07-13 06:27:43', '2021-07-13 06:27:43'),
(202, 'Gerokgak', NULL, 'System', '2021-07-13 14:27:43', NULL, NULL, '2021-07-13 06:27:43', '2021-07-13 06:27:43'),
(203, 'Gesing', NULL, 'System', '2021-07-13 14:27:43', NULL, NULL, '2021-07-13 06:27:43', '2021-07-13 06:27:43'),
(204, 'Getakan', NULL, 'System', '2021-07-13 14:27:43', NULL, NULL, '2021-07-13 06:27:43', '2021-07-13 06:27:43'),
(205, 'Getasan', NULL, 'System', '2021-07-13 14:27:43', NULL, NULL, '2021-07-13 06:27:43', '2021-07-13 06:27:43'),
(206, 'Gianyar', NULL, 'System', '2021-07-13 14:27:43', NULL, NULL, '2021-07-13 06:27:43', '2021-07-13 06:27:43'),
(207, 'Gilimanuk', NULL, 'System', '2021-07-13 14:27:43', NULL, NULL, '2021-07-13 06:27:43', '2021-07-13 06:27:43'),
(208, 'Giri Emas', NULL, 'System', '2021-07-13 14:27:43', NULL, NULL, '2021-07-13 06:27:43', '2021-07-13 06:27:43'),
(209, 'Gitgit', NULL, 'System', '2021-07-13 14:27:43', NULL, NULL, '2021-07-13 06:27:43', '2021-07-13 06:27:43'),
(210, 'Gobleg', NULL, 'System', '2021-07-13 14:27:43', NULL, NULL, '2021-07-13 06:27:43', '2021-07-13 06:27:43'),
(211, 'Gubug', NULL, 'System', '2021-07-13 14:27:43', NULL, NULL, '2021-07-13 06:27:43', '2021-07-13 06:27:43'),
(212, 'Gulingan', NULL, 'System', '2021-07-13 14:27:43', NULL, NULL, '2021-07-13 06:27:43', '2021-07-13 06:27:43'),
(213, 'Gumbrih', NULL, 'System', '2021-07-13 14:27:43', NULL, NULL, '2021-07-13 06:27:43', '2021-07-13 06:27:43'),
(214, 'Sibang Gede', NULL, 'System', '2021-07-13 14:27:43', NULL, NULL, '2021-07-13 06:27:43', '2021-07-13 06:27:43'),
(215, 'Gunaksa', NULL, 'System', '2021-07-13 14:27:43', NULL, NULL, '2021-07-13 06:27:43', '2021-07-13 06:27:43'),
(216, 'Gunung Salak', NULL, 'System', '2021-07-13 14:27:43', NULL, NULL, '2021-07-13 06:27:43', '2021-07-13 06:27:43'),
(217, 'Gunungbau', NULL, 'System', '2021-07-13 14:27:43', NULL, NULL, '2021-07-13 06:27:43', '2021-07-13 06:27:43'),
(218, 'Gunungsari', NULL, 'System', '2021-07-13 14:27:43', NULL, NULL, '2021-07-13 06:27:43', '2021-07-13 06:27:43'),
(219, 'Guwang', NULL, 'System', '2021-07-13 14:27:43', NULL, NULL, '2021-07-13 06:27:43', '2021-07-13 06:27:43'),
(220, 'Jagapati', NULL, 'System', '2021-07-13 14:27:43', NULL, NULL, '2021-07-13 06:27:43', '2021-07-13 06:27:43'),
(221, 'Jagaraga', NULL, 'System', '2021-07-13 14:27:43', NULL, NULL, '2021-07-13 06:27:43', '2021-07-13 06:27:43'),
(222, 'Jatiluwih', NULL, 'System', '2021-07-13 14:27:43', NULL, NULL, '2021-07-13 06:27:43', '2021-07-13 06:27:43'),
(223, 'Jegu', NULL, 'System', '2021-07-13 14:27:43', NULL, NULL, '2021-07-13 06:27:43', '2021-07-13 06:27:43'),
(224, 'Jehem', NULL, 'System', '2021-07-13 14:27:43', NULL, NULL, '2021-07-13 06:27:43', '2021-07-13 06:27:43'),
(225, 'Jelijih Punggang', NULL, 'System', '2021-07-13 14:27:43', NULL, NULL, '2021-07-13 06:27:43', '2021-07-13 06:27:43'),
(226, 'Jimbaran', NULL, 'System', '2021-07-13 14:27:43', NULL, NULL, '2021-07-13 06:27:43', '2021-07-13 06:27:43'),
(227, 'Jinengdalem', NULL, 'System', '2021-07-13 14:27:43', NULL, NULL, '2021-07-13 06:27:43', '2021-07-13 06:27:43'),
(228, 'Joanyar', NULL, 'System', '2021-07-13 14:27:43', NULL, NULL, '2021-07-13 06:27:43', '2021-07-13 06:27:43'),
(229, 'Julah', NULL, 'System', '2021-07-13 14:27:43', NULL, NULL, '2021-07-13 06:27:43', '2021-07-13 06:27:43'),
(230, 'Jumpai', NULL, 'System', '2021-07-13 14:27:43', NULL, NULL, '2021-07-13 06:27:43', '2021-07-13 06:27:43'),
(231, 'Jungutan', NULL, 'System', '2021-07-13 14:27:43', NULL, NULL, '2021-07-13 06:27:43', '2021-07-13 06:27:43'),
(232, 'Jungutbatu', NULL, 'System', '2021-07-13 14:27:43', NULL, NULL, '2021-07-13 06:27:43', '2021-07-13 06:27:43'),
(233, 'Kaba-Kaba', NULL, 'System', '2021-07-13 14:27:43', NULL, NULL, '2021-07-13 06:27:43', '2021-07-13 06:27:43'),
(234, 'Kaliakah', NULL, 'System', '2021-07-13 14:27:43', NULL, NULL, '2021-07-13 06:27:43', '2021-07-13 06:27:43'),
(235, 'Kalianget', NULL, 'System', '2021-07-13 14:27:43', NULL, NULL, '2021-07-13 06:27:43', '2021-07-13 06:27:43'),
(236, 'Kaliasem', NULL, 'System', '2021-07-13 14:27:43', NULL, NULL, '2021-07-13 06:27:43', '2021-07-13 06:27:43'),
(237, 'Kalibukbuk', NULL, 'System', '2021-07-13 14:27:43', NULL, NULL, '2021-07-13 06:27:43', '2021-07-13 06:27:43'),
(238, 'Kalisada', NULL, 'System', '2021-07-13 14:27:43', NULL, NULL, '2021-07-13 06:27:43', '2021-07-13 06:27:43'),
(239, 'Kaliuntu', NULL, 'System', '2021-07-13 14:27:43', NULL, NULL, '2021-07-13 06:27:43', '2021-07-13 06:27:43'),
(240, 'Kamasan', NULL, 'System', '2021-07-13 14:27:43', NULL, NULL, '2021-07-13 06:27:43', '2021-07-13 06:27:43'),
(241, 'Kampung Anyar', NULL, 'System', '2021-07-13 14:27:43', NULL, NULL, '2021-07-13 06:27:43', '2021-07-13 06:27:43'),
(242, 'Kampung Baru', NULL, 'System', '2021-07-13 14:27:43', NULL, NULL, '2021-07-13 06:27:43', '2021-07-13 06:27:43'),
(243, 'Kampung Bugis', NULL, 'System', '2021-07-13 14:27:43', NULL, NULL, '2021-07-13 06:27:43', '2021-07-13 06:27:43'),
(244, 'Kampung Gelgel', NULL, 'System', '2021-07-13 14:27:43', NULL, NULL, '2021-07-13 06:27:43', '2021-07-13 06:27:43'),
(245, 'Kampung Kajanan', NULL, 'System', '2021-07-13 14:27:43', NULL, NULL, '2021-07-13 06:27:43', '2021-07-13 06:27:43'),
(246, 'Kampung Kusamba', NULL, 'System', '2021-07-13 14:27:43', NULL, NULL, '2021-07-13 06:27:43', '2021-07-13 06:27:43'),
(247, 'Kampung Singaraja', NULL, 'System', '2021-07-13 14:27:43', NULL, NULL, '2021-07-13 06:27:43', '2021-07-13 06:27:43'),
(248, 'Kampung Toyapakeh', NULL, 'System', '2021-07-13 14:27:43', NULL, NULL, '2021-07-13 06:27:43', '2021-07-13 06:27:43'),
(249, 'Kapal', NULL, 'System', '2021-07-13 14:27:43', NULL, NULL, '2021-07-13 06:27:43', '2021-07-13 06:27:43'),
(250, 'Karangasem', NULL, 'System', '2021-07-13 14:27:43', NULL, NULL, '2021-07-13 06:27:43', '2021-07-13 06:27:43'),
(251, 'Karya Sari', NULL, 'System', '2021-07-13 14:27:43', NULL, NULL, '2021-07-13 06:27:43', '2021-07-13 06:27:43'),
(252, 'Katung', NULL, 'System', '2021-07-13 14:27:43', NULL, NULL, '2021-07-13 06:27:43', '2021-07-13 06:27:43'),
(253, 'Kawan', NULL, 'System', '2021-07-13 14:27:43', NULL, NULL, '2021-07-13 06:27:43', '2021-07-13 06:27:43'),
(254, 'Kayubihi', NULL, 'System', '2021-07-13 14:27:43', NULL, NULL, '2021-07-13 06:27:43', '2021-07-13 06:27:43'),
(255, 'Kayuputih', NULL, 'System', '2021-07-13 14:27:43', NULL, NULL, '2021-07-13 06:27:43', '2021-07-13 06:27:43'),
(256, 'Kebon Padangan', NULL, 'System', '2021-07-13 14:27:43', NULL, NULL, '2021-07-13 06:27:43', '2021-07-13 06:27:43'),
(257, 'Kedewatan', NULL, 'System', '2021-07-13 14:27:43', NULL, NULL, '2021-07-13 06:27:43', '2021-07-13 06:27:43'),
(258, 'Kediri', NULL, 'System', '2021-07-13 14:27:43', NULL, NULL, '2021-07-13 06:27:43', '2021-07-13 06:27:43'),
(259, 'Kedis', NULL, 'System', '2021-07-13 14:27:43', NULL, NULL, '2021-07-13 06:27:43', '2021-07-13 06:27:43'),
(260, 'Kedisan', NULL, 'System', '2021-07-13 14:27:43', NULL, NULL, '2021-07-13 06:27:43', '2021-07-13 06:27:43'),
(261, 'Kedonganan', NULL, 'System', '2021-07-13 14:27:43', NULL, NULL, '2021-07-13 06:27:43', '2021-07-13 06:27:43'),
(262, 'Kekeran', NULL, 'System', '2021-07-13 14:27:43', NULL, NULL, '2021-07-13 06:27:43', '2021-07-13 06:27:43'),
(263, 'Kelating', NULL, 'System', '2021-07-13 14:27:43', NULL, NULL, '2021-07-13 06:27:43', '2021-07-13 06:27:43'),
(264, 'Keliki', NULL, 'System', '2021-07-13 14:27:43', NULL, NULL, '2021-07-13 06:27:43', '2021-07-13 06:27:43'),
(265, 'Kelusa', NULL, 'System', '2021-07-13 14:27:43', NULL, NULL, '2021-07-13 06:27:43', '2021-07-13 06:27:43'),
(266, 'Kemenuh', NULL, 'System', '2021-07-13 14:27:43', NULL, NULL, '2021-07-13 06:27:43', '2021-07-13 06:27:43'),
(267, 'Kenderan', NULL, 'System', '2021-07-13 14:27:43', NULL, NULL, '2021-07-13 06:27:43', '2021-07-13 06:27:43'),
(268, 'Kendran', NULL, 'System', '2021-07-13 14:27:43', NULL, NULL, '2021-07-13 06:27:43', '2021-07-13 06:27:43'),
(269, 'Keramas', NULL, 'System', '2021-07-13 14:27:43', NULL, NULL, '2021-07-13 06:27:43', '2021-07-13 06:27:43'),
(270, 'Kerambitan', NULL, 'System', '2021-07-13 14:27:43', NULL, NULL, '2021-07-13 06:27:43', '2021-07-13 06:27:43'),
(271, 'Kerobokan', NULL, 'System', '2021-07-13 14:27:43', NULL, NULL, '2021-07-13 06:27:43', '2021-07-13 06:27:43'),
(272, 'Kerobokan Kaja', NULL, 'System', '2021-07-13 14:27:43', NULL, NULL, '2021-07-13 06:27:43', '2021-07-13 06:27:43'),
(273, 'Kerobokan Kelod', NULL, 'System', '2021-07-13 14:27:43', NULL, NULL, '2021-07-13 06:27:43', '2021-07-13 06:27:43'),
(274, 'Kerta', NULL, 'System', '2021-07-13 14:27:43', NULL, NULL, '2021-07-13 06:27:43', '2021-07-13 06:27:43'),
(275, 'Kerta Mandala', NULL, 'System', '2021-07-13 14:27:43', NULL, NULL, '2021-07-13 06:27:43', '2021-07-13 06:27:43'),
(276, 'Kertha Buana', NULL, 'System', '2021-07-13 14:27:43', NULL, NULL, '2021-07-13 06:27:43', '2021-07-13 06:27:43'),
(277, 'Kesiman', NULL, 'System', '2021-07-13 14:27:43', NULL, NULL, '2021-07-13 06:27:43', '2021-07-13 06:27:43'),
(278, 'Kesiman Kertalangu', NULL, 'System', '2021-07-13 14:27:43', NULL, NULL, '2021-07-13 06:27:43', '2021-07-13 06:27:43'),
(279, 'Kesiman Petilan', NULL, 'System', '2021-07-13 14:27:43', NULL, NULL, '2021-07-13 06:27:43', '2021-07-13 06:27:43'),
(280, 'Kesimpar', NULL, 'System', '2021-07-13 14:27:43', NULL, NULL, '2021-07-13 06:27:43', '2021-07-13 06:27:43'),
(281, 'Kesiut', NULL, 'System', '2021-07-13 14:27:43', NULL, NULL, '2021-07-13 06:27:43', '2021-07-13 06:27:43'),
(282, 'Ketewel', NULL, 'System', '2021-07-13 14:27:43', NULL, NULL, '2021-07-13 06:27:43', '2021-07-13 06:27:43'),
(283, 'Kintamani', NULL, 'System', '2021-07-13 14:27:43', NULL, NULL, '2021-07-13 06:27:43', '2021-07-13 06:27:43'),
(284, 'Klumpu', NULL, 'System', '2021-07-13 14:27:43', NULL, NULL, '2021-07-13 06:27:43', '2021-07-13 06:27:43'),
(285, 'Kubu', NULL, 'System', '2021-07-13 14:27:43', NULL, NULL, '2021-07-13 06:27:43', '2021-07-13 06:27:43'),
(286, 'Kubutambahan', NULL, 'System', '2021-07-13 14:27:43', NULL, NULL, '2021-07-13 06:27:43', '2021-07-13 06:27:43'),
(287, 'Kukuh', NULL, 'System', '2021-07-13 14:27:43', NULL, NULL, '2021-07-13 06:27:43', '2021-07-13 06:27:43'),
(288, 'Kusamba', NULL, 'System', '2021-07-13 14:27:43', NULL, NULL, '2021-07-13 06:27:43', '2021-07-13 06:27:43'),
(289, 'Kuta', NULL, 'System', '2021-07-13 14:27:43', NULL, NULL, '2021-07-13 06:27:43', '2021-07-13 06:27:43'),
(290, 'Kutampi', NULL, 'System', '2021-07-13 14:27:43', NULL, NULL, '2021-07-13 06:27:43', '2021-07-13 06:27:43'),
(291, 'Kutampi Kaler', NULL, 'System', '2021-07-13 14:27:43', NULL, NULL, '2021-07-13 06:27:43', '2021-07-13 06:27:43'),
(292, 'Kutuh', NULL, 'System', '2021-07-13 14:27:43', NULL, NULL, '2021-07-13 06:27:43', '2021-07-13 06:27:43'),
(293, 'Kuwum', NULL, 'System', '2021-07-13 14:27:43', NULL, NULL, '2021-07-13 06:27:43', '2021-07-13 06:27:43'),
(294, 'Laba Sari', NULL, 'System', '2021-07-13 14:27:43', NULL, NULL, '2021-07-13 06:27:43', '2021-07-13 06:27:43'),
(295, 'Lalang Linggah', NULL, 'System', '2021-07-13 14:27:43', NULL, NULL, '2021-07-13 06:27:43', '2021-07-13 06:27:43'),
(296, 'Landih', NULL, 'System', '2021-07-13 14:27:43', NULL, NULL, '2021-07-13 06:27:43', '2021-07-13 06:27:43'),
(297, 'Langgahan', NULL, 'System', '2021-07-13 14:27:43', NULL, NULL, '2021-07-13 06:27:43', '2021-07-13 06:27:43'),
(298, 'Lebih', NULL, 'System', '2021-07-13 14:27:43', NULL, NULL, '2021-07-13 06:27:43', '2021-07-13 06:27:43'),
(299, 'Legian', NULL, 'System', '2021-07-13 14:27:43', NULL, NULL, '2021-07-13 06:27:43', '2021-07-13 06:27:43'),
(300, 'Lelateng', NULL, 'System', '2021-07-13 14:27:43', NULL, NULL, '2021-07-13 06:27:43', '2021-07-13 06:27:43'),
(301, 'Lembean', NULL, 'System', '2021-07-13 14:27:43', NULL, NULL, '2021-07-13 06:27:43', '2021-07-13 06:27:43'),
(302, 'Lembongan', NULL, 'System', '2021-07-13 14:27:43', NULL, NULL, '2021-07-13 06:27:43', '2021-07-13 06:27:43'),
(303, 'Lemukih', NULL, 'System', '2021-07-13 14:27:43', NULL, NULL, '2021-07-13 06:27:43', '2021-07-13 06:27:43'),
(304, 'Les', NULL, 'System', '2021-07-13 14:27:43', NULL, NULL, '2021-07-13 06:27:43', '2021-07-13 06:27:43'),
(305, 'Liligundi', NULL, 'System', '2021-07-13 14:27:43', NULL, NULL, '2021-07-13 06:27:43', '2021-07-13 06:27:43'),
(306, 'Lodtunduh', NULL, 'System', '2021-07-13 14:27:43', NULL, NULL, '2021-07-13 06:27:43', '2021-07-13 06:27:43'),
(307, 'Loka Sari', NULL, 'System', '2021-07-13 14:27:43', NULL, NULL, '2021-07-13 06:27:43', '2021-07-13 06:27:43'),
(308, 'Lokapaksa', NULL, 'System', '2021-07-13 14:27:43', NULL, NULL, '2021-07-13 06:27:43', '2021-07-13 06:27:43'),
(309, 'Loloan Barat', NULL, 'System', '2021-07-13 14:27:43', NULL, NULL, '2021-07-13 06:27:43', '2021-07-13 06:27:43'),
(310, 'Loloan Timur', NULL, 'System', '2021-07-13 14:27:43', NULL, NULL, '2021-07-13 06:27:43', '2021-07-13 06:27:43'),
(311, 'Lukluk', NULL, 'System', '2021-07-13 14:27:43', NULL, NULL, '2021-07-13 06:27:43', '2021-07-13 06:27:43'),
(312, 'Lumbung', NULL, 'System', '2021-07-13 14:27:43', NULL, NULL, '2021-07-13 06:27:43', '2021-07-13 06:27:43'),
(313, 'Lumbung Kauh', NULL, 'System', '2021-07-13 14:27:43', NULL, NULL, '2021-07-13 06:27:43', '2021-07-13 06:27:43'),
(314, 'Luwus', NULL, 'System', '2021-07-13 14:27:43', NULL, NULL, '2021-07-13 06:27:43', '2021-07-13 06:27:43'),
(315, 'Macang', NULL, 'System', '2021-07-13 14:27:43', NULL, NULL, '2021-07-13 06:27:43', '2021-07-13 06:27:43'),
(316, 'Madenan', NULL, 'System', '2021-07-13 14:27:43', NULL, NULL, '2021-07-13 06:27:43', '2021-07-13 06:27:43'),
(317, 'Mambal', NULL, 'System', '2021-07-13 14:27:43', NULL, NULL, '2021-07-13 06:27:43', '2021-07-13 06:27:43'),
(318, 'Mambang', NULL, 'System', '2021-07-13 14:27:43', NULL, NULL, '2021-07-13 06:27:43', '2021-07-13 06:27:43'),
(319, 'Manduang', NULL, 'System', '2021-07-13 14:27:43', NULL, NULL, '2021-07-13 06:27:43', '2021-07-13 06:27:43'),
(320, 'Manggis', NULL, 'System', '2021-07-13 14:27:43', NULL, NULL, '2021-07-13 06:27:43', '2021-07-13 06:27:43'),
(321, 'Manggissari', NULL, 'System', '2021-07-13 14:27:43', NULL, NULL, '2021-07-13 06:27:43', '2021-07-13 06:27:43'),
(322, 'Mangguh', NULL, 'System', '2021-07-13 14:27:43', NULL, NULL, '2021-07-13 06:27:43', '2021-07-13 06:27:43'),
(323, 'Manikliyu', NULL, 'System', '2021-07-13 14:27:43', NULL, NULL, '2021-07-13 06:27:43', '2021-07-13 06:27:43'),
(324, 'Manikyang', NULL, 'System', '2021-07-13 14:27:43', NULL, NULL, '2021-07-13 06:27:43', '2021-07-13 06:27:43'),
(325, 'Manistutu', NULL, 'System', '2021-07-13 14:27:43', NULL, NULL, '2021-07-13 06:27:43', '2021-07-13 06:27:43'),
(326, 'Manukaya', NULL, 'System', '2021-07-13 14:27:43', NULL, NULL, '2021-07-13 06:27:43', '2021-07-13 06:27:43'),
(327, 'Marga', NULL, 'System', '2021-07-13 14:27:43', NULL, NULL, '2021-07-13 06:27:43', '2021-07-13 06:27:43'),
(328, 'Mas', NULL, 'System', '2021-07-13 14:27:43', NULL, NULL, '2021-07-13 06:27:43', '2021-07-13 06:27:43'),
(329, 'Mayong', NULL, 'System', '2021-07-13 14:27:43', NULL, NULL, '2021-07-13 06:27:43', '2021-07-13 06:27:43'),
(330, 'Medahan', NULL, 'System', '2021-07-13 14:27:43', NULL, NULL, '2021-07-13 06:27:43', '2021-07-13 06:27:43'),
(331, 'Medewi', NULL, 'System', '2021-07-13 14:27:43', NULL, NULL, '2021-07-13 06:27:43', '2021-07-13 06:27:43'),
(332, 'Megati', NULL, 'System', '2021-07-13 14:27:43', NULL, NULL, '2021-07-13 06:27:43', '2021-07-13 06:27:43'),
(333, 'Mekar Bhuana', NULL, 'System', '2021-07-13 14:27:43', NULL, NULL, '2021-07-13 06:27:43', '2021-07-13 06:27:43'),
(334, 'Mekarsari', NULL, 'System', '2021-07-13 14:27:43', NULL, NULL, '2021-07-13 06:27:43', '2021-07-13 06:27:43'),
(335, 'Melaya', NULL, 'System', '2021-07-13 14:27:43', NULL, NULL, '2021-07-13 06:27:43', '2021-07-13 06:27:43'),
(336, 'Meliling', NULL, 'System', '2021-07-13 14:27:43', NULL, NULL, '2021-07-13 06:27:43', '2021-07-13 06:27:43'),
(337, 'Melinggih', NULL, 'System', '2021-07-13 14:27:43', NULL, NULL, '2021-07-13 06:27:43', '2021-07-13 06:27:43'),
(338, 'Melinggih Kelod', NULL, 'System', '2021-07-13 14:27:43', NULL, NULL, '2021-07-13 06:27:43', '2021-07-13 06:27:43'),
(339, 'Menanga', NULL, 'System', '2021-07-13 14:27:43', NULL, NULL, '2021-07-13 06:27:43', '2021-07-13 06:27:43'),
(340, 'Mendoyo Dangin Tukad', NULL, 'System', '2021-07-13 14:27:43', NULL, NULL, '2021-07-13 06:27:43', '2021-07-13 06:27:43'),
(341, 'Mendoyo Dauh Tukad', NULL, 'System', '2021-07-13 14:27:43', NULL, NULL, '2021-07-13 06:27:43', '2021-07-13 06:27:43'),
(342, 'Mengani', NULL, 'System', '2021-07-13 14:27:43', NULL, NULL, '2021-07-13 06:27:43', '2021-07-13 06:27:43'),
(343, 'Mengening', NULL, 'System', '2021-07-13 14:27:43', NULL, NULL, '2021-07-13 06:27:43', '2021-07-13 06:27:43'),
(344, 'Mengeste', NULL, 'System', '2021-07-13 14:27:43', NULL, NULL, '2021-07-13 06:27:43', '2021-07-13 06:27:43'),
(345, 'Mengwi', NULL, 'System', '2021-07-13 14:27:43', NULL, NULL, '2021-07-13 06:27:43', '2021-07-13 06:27:43'),
(346, 'Mengwitani', NULL, 'System', '2021-07-13 14:27:43', NULL, NULL, '2021-07-13 06:27:43', '2021-07-13 06:27:43'),
(347, 'Menyali', NULL, 'System', '2021-07-13 14:27:43', NULL, NULL, '2021-07-13 06:27:43', '2021-07-13 06:27:43'),
(348, 'Muncan', NULL, 'System', '2021-07-13 14:27:43', NULL, NULL, '2021-07-13 06:27:43', '2021-07-13 06:27:43'),
(349, 'Mundeh', NULL, 'System', '2021-07-13 14:27:43', NULL, NULL, '2021-07-13 06:27:43', '2021-07-13 06:27:43'),
(350, 'Mundeh Kangin', NULL, 'System', '2021-07-13 14:27:43', NULL, NULL, '2021-07-13 06:27:43', '2021-07-13 06:27:43'),
(351, 'Mundeh Kauh', NULL, 'System', '2021-07-13 14:27:43', NULL, NULL, '2021-07-13 06:27:43', '2021-07-13 06:27:43'),
(352, 'Munduk', NULL, 'System', '2021-07-13 14:27:43', NULL, NULL, '2021-07-13 06:27:43', '2021-07-13 06:27:43'),
(353, 'Munduk Bestala', NULL, 'System', '2021-07-13 14:27:44', NULL, NULL, '2021-07-13 06:27:44', '2021-07-13 06:27:44'),
(354, 'Munduk Temu', NULL, 'System', '2021-07-13 14:27:44', NULL, NULL, '2021-07-13 06:27:44', '2021-07-13 06:27:44'),
(355, 'Munggu', NULL, 'System', '2021-07-13 14:27:44', NULL, NULL, '2021-07-13 06:27:44', '2021-07-13 06:27:44'),
(356, 'Musi', NULL, 'System', '2021-07-13 14:27:44', NULL, NULL, '2021-07-13 06:27:44', '2021-07-13 06:27:44'),
(357, 'Nagasepaha', NULL, 'System', '2021-07-13 14:27:44', NULL, NULL, '2021-07-13 06:27:44', '2021-07-13 06:27:44'),
(358, 'Nawakerti', NULL, 'System', '2021-07-13 14:27:44', NULL, NULL, '2021-07-13 06:27:44', '2021-07-13 06:27:44'),
(359, 'Negari', NULL, 'System', '2021-07-13 14:27:44', NULL, NULL, '2021-07-13 06:27:44', '2021-07-13 06:27:44'),
(360, 'Ngis', NULL, 'System', '2021-07-13 14:27:44', NULL, NULL, '2021-07-13 06:27:44', '2021-07-13 06:27:44'),
(361, 'Nongan', NULL, 'System', '2021-07-13 14:27:44', NULL, NULL, '2021-07-13 06:27:44', '2021-07-13 06:27:44'),
(362, 'Nusa Sari', NULL, 'System', '2021-07-13 14:27:44', NULL, NULL, '2021-07-13 06:27:44', '2021-07-13 06:27:44'),
(363, 'Nyalian', NULL, 'System', '2021-07-13 14:27:44', NULL, NULL, '2021-07-13 06:27:44', '2021-07-13 06:27:44'),
(364, 'Nyambu', NULL, 'System', '2021-07-13 14:27:44', NULL, NULL, '2021-07-13 06:27:44', '2021-07-13 06:27:44'),
(365, 'Nyanglan', NULL, 'System', '2021-07-13 14:27:44', NULL, NULL, '2021-07-13 06:27:44', '2021-07-13 06:27:44'),
(366, 'Nyitdah', NULL, 'System', '2021-07-13 14:27:44', NULL, NULL, '2021-07-13 06:27:44', '2021-07-13 06:27:44'),
(367, 'Nyuh Tebel', NULL, 'System', '2021-07-13 14:27:44', NULL, NULL, '2021-07-13 06:27:44', '2021-07-13 06:27:44'),
(368, 'Pacung', NULL, 'System', '2021-07-13 14:27:44', NULL, NULL, '2021-07-13 06:27:44', '2021-07-13 06:27:44'),
(369, 'Padang Kerta', NULL, 'System', '2021-07-13 14:27:44', NULL, NULL, '2021-07-13 06:27:44', '2021-07-13 06:27:44'),
(370, 'Padangan', NULL, 'System', '2021-07-13 14:27:44', NULL, NULL, '2021-07-13 06:27:44', '2021-07-13 06:27:44'),
(371, 'Padangbai', NULL, 'System', '2021-07-13 14:27:44', NULL, NULL, '2021-07-13 06:27:44', '2021-07-13 06:27:44'),
(372, 'Padangbulia', NULL, 'System', '2021-07-13 14:27:44', NULL, NULL, '2021-07-13 06:27:44', '2021-07-13 06:27:44'),
(373, 'Padangsambian', NULL, 'System', '2021-07-13 14:27:44', NULL, NULL, '2021-07-13 06:27:44', '2021-07-13 06:27:44'),
(374, 'Padangsambian Kaja', NULL, 'System', '2021-07-13 14:27:44', NULL, NULL, '2021-07-13 06:27:44', '2021-07-13 06:27:44'),
(375, 'Padangsambian Klod', NULL, 'System', '2021-07-13 14:27:44', NULL, NULL, '2021-07-13 06:27:44', '2021-07-13 06:27:44'),
(376, 'Pajahan', NULL, 'System', '2021-07-13 14:27:44', NULL, NULL, '2021-07-13 06:27:44', '2021-07-13 06:27:44'),
(377, 'Paket Agung', NULL, 'System', '2021-07-13 14:27:44', NULL, NULL, '2021-07-13 06:27:44', '2021-07-13 06:27:44'),
(378, 'Pakisan', NULL, 'System', '2021-07-13 14:27:44', NULL, NULL, '2021-07-13 06:27:44', '2021-07-13 06:27:44'),
(379, 'Paksebali', NULL, 'System', '2021-07-13 14:27:44', NULL, NULL, '2021-07-13 06:27:44', '2021-07-13 06:27:44'),
(380, 'Pancasari', NULL, 'System', '2021-07-13 14:27:44', NULL, NULL, '2021-07-13 06:27:44', '2021-07-13 06:27:44'),
(381, 'Pandak Bandung', NULL, 'System', '2021-07-13 14:27:44', NULL, NULL, '2021-07-13 06:27:44', '2021-07-13 06:27:44'),
(382, 'Pandak Gede', NULL, 'System', '2021-07-13 14:27:44', NULL, NULL, '2021-07-13 06:27:44', '2021-07-13 06:27:44'),
(383, 'Pangkung Karung', NULL, 'System', '2021-07-13 14:27:44', NULL, NULL, '2021-07-13 06:27:44', '2021-07-13 06:27:44'),
(384, 'Pangkung Tibah', NULL, 'System', '2021-07-13 14:27:44', NULL, NULL, '2021-07-13 06:27:44', '2021-07-13 06:27:44'),
(385, 'Pangkungparuk', NULL, 'System', '2021-07-13 14:27:44', NULL, NULL, '2021-07-13 06:27:44', '2021-07-13 06:27:44'),
(386, 'Pangsan', NULL, 'System', '2021-07-13 14:27:44', NULL, NULL, '2021-07-13 06:27:44', '2021-07-13 06:27:44'),
(387, 'Pangyangan', NULL, 'System', '2021-07-13 14:27:44', NULL, NULL, '2021-07-13 06:27:44', '2021-07-13 06:27:44'),
(388, 'Panjer', NULL, 'System', '2021-07-13 14:27:44', NULL, NULL, '2021-07-13 06:27:44', '2021-07-13 06:27:44'),
(389, 'Panji', NULL, 'System', '2021-07-13 14:27:44', NULL, NULL, '2021-07-13 06:27:44', '2021-07-13 06:27:44'),
(390, 'Panji Anom', NULL, 'System', '2021-07-13 14:27:44', NULL, NULL, '2021-07-13 06:27:44', '2021-07-13 06:27:44'),
(391, 'Patas', NULL, 'System', '2021-07-13 14:27:44', NULL, NULL, '2021-07-13 06:27:44', '2021-07-13 06:27:44'),
(392, 'Patemon', NULL, 'System', '2021-07-13 14:27:44', NULL, NULL, '2021-07-13 06:27:44', '2021-07-13 06:27:44'),
(393, 'Payangan', NULL, 'System', '2021-07-13 14:27:44', NULL, NULL, '2021-07-13 06:27:44', '2021-07-13 06:27:44'),
(394, 'Pecatu', NULL, 'System', '2021-07-13 14:27:44', NULL, NULL, '2021-07-13 06:27:44', '2021-07-13 06:27:44'),
(395, 'Ped', NULL, 'System', '2021-07-13 14:27:44', NULL, NULL, '2021-07-13 06:27:44', '2021-07-13 06:27:44'),
(396, 'Pedawa', NULL, 'System', '2021-07-13 14:27:44', NULL, NULL, '2021-07-13 06:27:44', '2021-07-13 06:27:44'),
(397, 'Pedungan', NULL, 'System', '2021-07-13 14:27:44', NULL, NULL, '2021-07-13 06:27:44', '2021-07-13 06:27:44'),
(398, 'Pegadungan', NULL, 'System', '2021-07-13 14:27:44', NULL, NULL, '2021-07-13 06:27:44', '2021-07-13 06:27:44'),
(399, 'Pegayaman', NULL, 'System', '2021-07-13 14:27:44', NULL, NULL, '2021-07-13 06:27:44', '2021-07-13 06:27:44'),
(400, 'Peguyangan', NULL, 'System', '2021-07-13 14:27:44', NULL, NULL, '2021-07-13 06:27:44', '2021-07-13 06:27:44'),
(401, 'Peguyangan Kaja', NULL, 'System', '2021-07-13 14:27:44', NULL, NULL, '2021-07-13 06:27:44', '2021-07-13 06:27:44'),
(402, 'Peguyangan Kangin', NULL, 'System', '2021-07-13 14:27:44', NULL, NULL, '2021-07-13 06:27:44', '2021-07-13 06:27:44'),
(403, 'Pejarakan', NULL, 'System', '2021-07-13 14:27:44', NULL, NULL, '2021-07-13 06:27:44', '2021-07-13 06:27:44'),
(404, 'Pejaten', NULL, 'System', '2021-07-13 14:27:44', NULL, NULL, '2021-07-13 06:27:44', '2021-07-13 06:27:44'),
(405, 'Pejeng', NULL, 'System', '2021-07-13 14:27:44', NULL, NULL, '2021-07-13 06:27:44', '2021-07-13 06:27:44'),
(406, 'Pejeng Kaja', NULL, 'System', '2021-07-13 14:27:44', NULL, NULL, '2021-07-13 06:27:44', '2021-07-13 06:27:44'),
(407, 'Pejeng Kangin', NULL, 'System', '2021-07-13 14:27:44', NULL, NULL, '2021-07-13 06:27:44', '2021-07-13 06:27:44'),
(408, 'Pejeng Kawan', NULL, 'System', '2021-07-13 14:27:44', NULL, NULL, '2021-07-13 06:27:44', '2021-07-13 06:27:44'),
(409, 'Pejeng Kelod', NULL, 'System', '2021-07-13 14:27:44', NULL, NULL, '2021-07-13 06:27:44', '2021-07-13 06:27:44'),
(410, 'Pejukutan', NULL, 'System', '2021-07-13 14:27:44', NULL, NULL, '2021-07-13 06:27:44', '2021-07-13 06:27:44'),
(411, 'Peken Belayu', NULL, 'System', '2021-07-13 14:27:44', NULL, NULL, '2021-07-13 06:27:44', '2021-07-13 06:27:44'),
(412, 'Pekutatan', NULL, 'System', '2021-07-13 14:27:44', NULL, NULL, '2021-07-13 06:27:44', '2021-07-13 06:27:44'),
(413, 'Pelaga', NULL, 'System', '2021-07-13 14:27:44', NULL, NULL, '2021-07-13 06:27:44', '2021-07-13 06:27:44'),
(414, 'Pelapuan', NULL, 'System', '2021-07-13 14:27:44', NULL, NULL, '2021-07-13 06:27:44', '2021-07-13 06:27:44'),
(415, 'Peliatan', NULL, 'System', '2021-07-13 14:27:44', NULL, NULL, '2021-07-13 06:27:44', '2021-07-13 06:27:44'),
(416, 'Pemaron', NULL, 'System', '2021-07-13 14:27:44', NULL, NULL, '2021-07-13 06:27:44', '2021-07-13 06:27:44'),
(417, 'Pemecutan', NULL, 'System', '2021-07-13 14:27:44', NULL, NULL, '2021-07-13 06:27:44', '2021-07-13 06:27:44'),
(418, 'Pemecutan Kaja', NULL, 'System', '2021-07-13 14:27:44', NULL, NULL, '2021-07-13 06:27:44', '2021-07-13 06:27:44'),
(419, 'Pemecutan Klod', NULL, 'System', '2021-07-13 14:27:44', NULL, NULL, '2021-07-13 06:27:44', '2021-07-13 06:27:44'),
(420, 'Pemogan', NULL, 'System', '2021-07-13 14:27:44', NULL, NULL, '2021-07-13 06:27:44', '2021-07-13 06:27:44'),
(421, 'Pempatan', NULL, 'System', '2021-07-13 14:27:44', NULL, NULL, '2021-07-13 06:27:44', '2021-07-13 06:27:44'),
(422, 'Pemuteran', NULL, 'System', '2021-07-13 14:27:44', NULL, NULL, '2021-07-13 06:27:44', '2021-07-13 06:27:44'),
(423, 'Penarukan', NULL, 'System', '2021-07-13 14:27:44', NULL, NULL, '2021-07-13 06:27:44', '2021-07-13 06:27:44'),
(424, 'Penarungan', NULL, 'System', '2021-07-13 14:27:44', NULL, NULL, '2021-07-13 06:27:44', '2021-07-13 06:27:44'),
(425, 'Penatahan', NULL, 'System', '2021-07-13 14:27:44', NULL, NULL, '2021-07-13 06:27:44', '2021-07-13 06:27:44'),
(426, 'Penatih', NULL, 'System', '2021-07-13 14:27:44', NULL, NULL, '2021-07-13 06:27:44', '2021-07-13 06:27:44'),
(427, 'Penatih Dangin Puri', NULL, 'System', '2021-07-13 14:27:44', NULL, NULL, '2021-07-13 06:27:44', '2021-07-13 06:27:44'),
(428, 'Pendem', NULL, 'System', '2021-07-13 14:27:44', NULL, NULL, '2021-07-13 06:27:44', '2021-07-13 06:27:44'),
(429, 'Penebel', NULL, 'System', '2021-07-13 14:27:44', NULL, NULL, '2021-07-13 06:27:44', '2021-07-13 06:27:44'),
(430, 'Pengambengan', NULL, 'System', '2021-07-13 14:27:44', NULL, NULL, '2021-07-13 06:27:44', '2021-07-13 06:27:44'),
(431, 'Pengastulan', NULL, 'System', '2021-07-13 14:27:44', NULL, NULL, '2021-07-13 06:27:44', '2021-07-13 06:27:44'),
(432, 'Pengejaran', NULL, 'System', '2021-07-13 14:27:44', NULL, NULL, '2021-07-13 06:27:44', '2021-07-13 06:27:44'),
(433, 'Pengeragoan', NULL, 'System', '2021-07-13 14:27:44', NULL, NULL, '2021-07-13 06:27:44', '2021-07-13 06:27:44'),
(434, 'Pengiangan', NULL, 'System', '2021-07-13 14:27:44', NULL, NULL, '2021-07-13 06:27:44', '2021-07-13 06:27:44'),
(435, 'Penglatan', NULL, 'System', '2021-07-13 14:27:44', NULL, NULL, '2021-07-13 06:27:44', '2021-07-13 06:27:44'),
(436, 'Penglumbaran', NULL, 'System', '2021-07-13 14:27:44', NULL, NULL, '2021-07-13 06:27:44', '2021-07-13 06:27:44');
INSERT INTO `areas` (`id`, `area_name`, `description`, `created_by`, `created_datetime`, `last_modified_by`, `last_modified_datetime`, `created_at`, `updated_at`) VALUES
(437, 'Pengotan', NULL, 'System', '2021-07-13 14:27:44', NULL, NULL, '2021-07-13 06:27:44', '2021-07-13 06:27:44'),
(438, 'Pengulon', NULL, 'System', '2021-07-13 14:27:44', NULL, NULL, '2021-07-13 06:27:44', '2021-07-13 06:27:44'),
(439, 'Peninjoan', NULL, 'System', '2021-07-13 14:27:44', NULL, NULL, '2021-07-13 06:27:44', '2021-07-13 06:27:44'),
(440, 'Penuktukan', NULL, 'System', '2021-07-13 14:27:44', NULL, NULL, '2021-07-13 06:27:44', '2021-07-13 06:27:44'),
(441, 'Penyabangan', NULL, 'System', '2021-07-13 14:27:44', NULL, NULL, '2021-07-13 06:27:44', '2021-07-13 06:27:44'),
(442, 'Penyaringan', NULL, 'System', '2021-07-13 14:27:44', NULL, NULL, '2021-07-13 06:27:44', '2021-07-13 06:27:44'),
(443, 'Perancak', NULL, 'System', '2021-07-13 14:27:44', NULL, NULL, '2021-07-13 06:27:44', '2021-07-13 06:27:44'),
(444, 'Perean', NULL, 'System', '2021-07-13 14:27:44', NULL, NULL, '2021-07-13 06:27:44', '2021-07-13 06:27:44'),
(445, 'Perean Kangin', NULL, 'System', '2021-07-13 14:27:44', NULL, NULL, '2021-07-13 06:27:44', '2021-07-13 06:27:44'),
(446, 'Perean Tengah', NULL, 'System', '2021-07-13 14:27:44', NULL, NULL, '2021-07-13 06:27:44', '2021-07-13 06:27:44'),
(447, 'Pererenan', NULL, 'System', '2021-07-13 14:27:44', NULL, NULL, '2021-07-13 06:27:44', '2021-07-13 06:27:44'),
(448, 'Pergung', NULL, 'System', '2021-07-13 14:27:44', NULL, NULL, '2021-07-13 06:27:44', '2021-07-13 06:27:44'),
(449, 'Pering', NULL, 'System', '2021-07-13 14:27:44', NULL, NULL, '2021-07-13 06:27:44', '2021-07-13 06:27:44'),
(450, 'Pering Sari', NULL, 'System', '2021-07-13 14:27:44', NULL, NULL, '2021-07-13 06:27:44', '2021-07-13 06:27:44'),
(451, 'Pertima', NULL, 'System', '2021-07-13 14:27:44', NULL, NULL, '2021-07-13 06:27:44', '2021-07-13 06:27:44'),
(452, 'Pesaban', NULL, 'System', '2021-07-13 14:27:44', NULL, NULL, '2021-07-13 06:27:44', '2021-07-13 06:27:44'),
(453, 'Pesagi', NULL, 'System', '2021-07-13 14:27:44', NULL, NULL, '2021-07-13 06:27:44', '2021-07-13 06:27:44'),
(454, 'Pesedahan', NULL, 'System', '2021-07-13 14:27:44', NULL, NULL, '2021-07-13 06:27:44', '2021-07-13 06:27:44'),
(455, 'Pesinggahan', NULL, 'System', '2021-07-13 14:27:44', NULL, NULL, '2021-07-13 06:27:44', '2021-07-13 06:27:44'),
(456, 'Petak', NULL, 'System', '2021-07-13 14:27:44', NULL, NULL, '2021-07-13 06:27:44', '2021-07-13 06:27:44'),
(457, 'Petak Kaja', NULL, 'System', '2021-07-13 14:27:44', NULL, NULL, '2021-07-13 06:27:44', '2021-07-13 06:27:44'),
(458, 'Petandakan', NULL, 'System', '2021-07-13 14:27:44', NULL, NULL, '2021-07-13 06:27:44', '2021-07-13 06:27:44'),
(459, 'Petang', NULL, 'System', '2021-07-13 14:27:44', NULL, NULL, '2021-07-13 06:27:44', '2021-07-13 06:27:44'),
(460, 'Petiga', NULL, 'System', '2021-07-13 14:27:44', NULL, NULL, '2021-07-13 06:27:44', '2021-07-13 06:27:44'),
(461, 'Petulu', NULL, 'System', '2021-07-13 14:27:44', NULL, NULL, '2021-07-13 06:27:44', '2021-07-13 06:27:44'),
(462, 'Pidpid', NULL, 'System', '2021-07-13 14:27:44', NULL, NULL, '2021-07-13 06:27:44', '2021-07-13 06:27:44'),
(463, 'Pikat', NULL, 'System', '2021-07-13 14:27:44', NULL, NULL, '2021-07-13 06:27:44', '2021-07-13 06:27:44'),
(464, 'Pinggan', NULL, 'System', '2021-07-13 14:27:44', NULL, NULL, '2021-07-13 06:27:44', '2021-07-13 06:27:44'),
(465, 'Pitra', NULL, 'System', '2021-07-13 14:27:44', NULL, NULL, '2021-07-13 06:27:44', '2021-07-13 06:27:44'),
(466, 'Poh Bergong', NULL, 'System', '2021-07-13 14:27:44', NULL, NULL, '2021-07-13 06:27:44', '2021-07-13 06:27:44'),
(467, 'Pohsanten', NULL, 'System', '2021-07-13 14:27:44', NULL, NULL, '2021-07-13 06:27:44', '2021-07-13 06:27:44'),
(468, 'Pucaksari', NULL, 'System', '2021-07-13 14:27:44', NULL, NULL, '2021-07-13 06:27:44', '2021-07-13 06:27:44'),
(469, 'Puhu', NULL, 'System', '2021-07-13 14:27:44', NULL, NULL, '2021-07-13 06:27:44', '2021-07-13 06:27:44'),
(470, 'Pujungan', NULL, 'System', '2021-07-13 14:27:44', NULL, NULL, '2021-07-13 06:27:44', '2021-07-13 06:27:44'),
(471, 'Pulukan', NULL, 'System', '2021-07-13 14:27:44', NULL, NULL, '2021-07-13 06:27:44', '2021-07-13 06:27:44'),
(472, 'Punggul', NULL, 'System', '2021-07-13 14:27:44', NULL, NULL, '2021-07-13 06:27:44', '2021-07-13 06:27:44'),
(473, 'Pupuan', NULL, 'System', '2021-07-13 14:27:44', NULL, NULL, '2021-07-13 06:27:44', '2021-07-13 06:27:44'),
(474, 'Pupuan Sawah', NULL, 'System', '2021-07-13 14:27:44', NULL, NULL, '2021-07-13 06:27:44', '2021-07-13 06:27:44'),
(475, 'Purwakerti', NULL, 'System', '2021-07-13 14:27:44', NULL, NULL, '2021-07-13 06:27:44', '2021-07-13 06:27:44'),
(476, 'Rangdu', NULL, 'System', '2021-07-13 14:27:44', NULL, NULL, '2021-07-13 06:27:44', '2021-07-13 06:27:44'),
(477, 'Rejasa', NULL, 'System', '2021-07-13 14:27:44', NULL, NULL, '2021-07-13 06:27:44', '2021-07-13 06:27:44'),
(478, 'Rendang', NULL, 'System', '2021-07-13 14:27:44', NULL, NULL, '2021-07-13 06:27:44', '2021-07-13 06:27:44'),
(479, 'Renon', NULL, 'System', '2021-07-13 14:27:44', NULL, NULL, '2021-07-13 06:27:44', '2021-07-13 06:27:44'),
(480, 'Riang Gede', NULL, 'System', '2021-07-13 14:27:44', NULL, NULL, '2021-07-13 06:27:44', '2021-07-13 06:27:44'),
(481, 'Ringdikit', NULL, 'System', '2021-07-13 14:27:44', NULL, NULL, '2021-07-13 06:27:44', '2021-07-13 06:27:44'),
(482, 'Saba', NULL, 'System', '2021-07-13 14:27:44', NULL, NULL, '2021-07-13 06:27:44', '2021-07-13 06:27:44'),
(483, 'Sading', NULL, 'System', '2021-07-13 14:27:44', NULL, NULL, '2021-07-13 06:27:44', '2021-07-13 06:27:44'),
(484, 'Sai', NULL, 'System', '2021-07-13 14:27:44', NULL, NULL, '2021-07-13 06:27:44', '2021-07-13 06:27:44'),
(485, 'Sakti', NULL, 'System', '2021-07-13 14:27:44', NULL, NULL, '2021-07-13 06:27:44', '2021-07-13 06:27:44'),
(486, 'Sambangan', NULL, 'System', '2021-07-13 14:27:44', NULL, NULL, '2021-07-13 06:27:44', '2021-07-13 06:27:44'),
(487, 'Sambirenteng', NULL, 'System', '2021-07-13 14:27:44', NULL, NULL, '2021-07-13 06:27:44', '2021-07-13 06:27:44'),
(488, 'Sampalan Klod', NULL, 'System', '2021-07-13 14:27:44', NULL, NULL, '2021-07-13 06:27:44', '2021-07-13 06:27:44'),
(489, 'Sampalan Tengah', NULL, 'System', '2021-07-13 14:27:44', NULL, NULL, '2021-07-13 06:27:44', '2021-07-13 06:27:44'),
(490, 'Samplangan', NULL, 'System', '2021-07-13 14:27:44', NULL, NULL, '2021-07-13 06:27:44', '2021-07-13 06:27:44'),
(491, 'Samsam', NULL, 'System', '2021-07-13 14:27:44', NULL, NULL, '2021-07-13 06:27:44', '2021-07-13 06:27:44'),
(492, 'Sanda', NULL, 'System', '2021-07-13 14:27:44', NULL, NULL, '2021-07-13 06:27:44', '2021-07-13 06:27:44'),
(493, 'Sanding', NULL, 'System', '2021-07-13 14:27:44', NULL, NULL, '2021-07-13 06:27:44', '2021-07-13 06:27:44'),
(494, 'Sangeh', NULL, 'System', '2021-07-13 14:27:44', NULL, NULL, '2021-07-13 06:27:44', '2021-07-13 06:27:44'),
(495, 'Sanggalangit', NULL, 'System', '2021-07-13 14:27:44', NULL, NULL, '2021-07-13 06:27:44', '2021-07-13 06:27:44'),
(496, 'Sangkan Gunung', NULL, 'System', '2021-07-13 14:27:44', NULL, NULL, '2021-07-13 06:27:44', '2021-07-13 06:27:44'),
(497, 'Sangkaragung', NULL, 'System', '2021-07-13 14:27:44', NULL, NULL, '2021-07-13 06:27:44', '2021-07-13 06:27:44'),
(498, 'Sangketan', NULL, 'System', '2021-07-13 14:27:44', NULL, NULL, '2021-07-13 06:27:44', '2021-07-13 06:27:44'),
(499, 'Sangsit', NULL, 'System', '2021-07-13 14:27:44', NULL, NULL, '2021-07-13 06:27:44', '2021-07-13 06:27:44'),
(500, 'Sanur', NULL, 'System', '2021-07-13 14:27:44', NULL, NULL, '2021-07-13 06:27:44', '2021-07-13 06:27:44'),
(501, 'Sanur Kaja', NULL, 'System', '2021-07-13 14:27:44', NULL, NULL, '2021-07-13 06:27:44', '2021-07-13 06:27:44'),
(502, 'Sanur Kauh', NULL, 'System', '2021-07-13 14:27:44', NULL, NULL, '2021-07-13 06:27:44', '2021-07-13 06:27:44'),
(503, 'Sari Mekar', NULL, 'System', '2021-07-13 14:27:44', NULL, NULL, '2021-07-13 06:27:44', '2021-07-13 06:27:44'),
(504, 'Satra', NULL, 'System', '2021-07-13 14:27:44', NULL, NULL, '2021-07-13 06:27:44', '2021-07-13 06:27:44'),
(505, 'Sawan', NULL, 'System', '2021-07-13 14:27:44', NULL, NULL, '2021-07-13 06:27:44', '2021-07-13 06:27:44'),
(506, 'Sayan', NULL, 'System', '2021-07-13 14:27:44', NULL, NULL, '2021-07-13 06:27:44', '2021-07-13 06:27:44'),
(507, 'Sebatu', NULL, 'System', '2021-07-13 14:27:44', NULL, NULL, '2021-07-13 06:27:44', '2021-07-13 06:27:44'),
(508, 'Sebudi', NULL, 'System', '2021-07-13 14:27:44', NULL, NULL, '2021-07-13 06:27:44', '2021-07-13 06:27:44'),
(509, 'Sedang', NULL, 'System', '2021-07-13 14:27:44', NULL, NULL, '2021-07-13 06:27:44', '2021-07-13 06:27:44'),
(510, 'Sekaan', NULL, 'System', '2021-07-13 14:27:44', NULL, NULL, '2021-07-13 06:27:44', '2021-07-13 06:27:44'),
(511, 'Sekardadi', NULL, 'System', '2021-07-13 14:27:44', NULL, NULL, '2021-07-13 06:27:44', '2021-07-13 06:27:44'),
(512, 'Sekartaji', NULL, 'System', '2021-07-13 14:27:44', NULL, NULL, '2021-07-13 06:27:44', '2021-07-13 06:27:44'),
(513, 'Sekumpul', NULL, 'System', '2021-07-13 14:27:44', NULL, NULL, '2021-07-13 06:27:44', '2021-07-13 06:27:44'),
(514, 'Selabih', NULL, 'System', '2021-07-13 14:27:44', NULL, NULL, '2021-07-13 06:27:44', '2021-07-13 06:27:44'),
(515, 'Selanbawak', NULL, 'System', '2021-07-13 14:27:44', NULL, NULL, '2021-07-13 06:27:44', '2021-07-13 06:27:44'),
(516, 'Selat', NULL, 'System', '2021-07-13 14:27:44', NULL, NULL, '2021-07-13 06:27:44', '2021-07-13 06:27:44'),
(517, 'Selemadeg', NULL, 'System', '2021-07-13 14:27:44', NULL, NULL, '2021-07-13 06:27:44', '2021-07-13 06:27:44'),
(518, 'Selisihan', NULL, 'System', '2021-07-13 14:27:44', NULL, NULL, '2021-07-13 06:27:44', '2021-07-13 06:27:44'),
(519, 'Selulung', NULL, 'System', '2021-07-13 14:27:44', NULL, NULL, '2021-07-13 06:27:44', '2021-07-13 06:27:44'),
(520, 'Selumbung', NULL, 'System', '2021-07-13 14:27:44', NULL, NULL, '2021-07-13 06:27:44', '2021-07-13 06:27:44'),
(521, 'Semarapura Kaja', NULL, 'System', '2021-07-13 14:27:44', NULL, NULL, '2021-07-13 06:27:44', '2021-07-13 06:27:44'),
(522, 'Semarapura Kangin', NULL, 'System', '2021-07-13 14:27:44', NULL, NULL, '2021-07-13 06:27:44', '2021-07-13 06:27:44'),
(523, 'Semarapura Kauh', NULL, 'System', '2021-07-13 14:27:44', NULL, NULL, '2021-07-13 06:27:44', '2021-07-13 06:27:44'),
(524, 'Semarapura Kelod', NULL, 'System', '2021-07-13 14:27:44', NULL, NULL, '2021-07-13 06:27:44', '2021-07-13 06:27:44'),
(525, 'Semarapura Kelod Kangin', NULL, 'System', '2021-07-13 14:27:44', NULL, NULL, '2021-07-13 06:27:44', '2021-07-13 06:27:44'),
(526, 'Semarapura Tengah', NULL, 'System', '2021-07-13 14:27:44', NULL, NULL, '2021-07-13 06:27:44', '2021-07-13 06:27:44'),
(527, 'Sembiran', NULL, 'System', '2021-07-13 14:27:44', NULL, NULL, '2021-07-13 06:27:44', '2021-07-13 06:27:44'),
(528, 'Sembung', NULL, 'System', '2021-07-13 14:27:44', NULL, NULL, '2021-07-13 06:27:44', '2021-07-13 06:27:44'),
(529, 'Sembung Gede', NULL, 'System', '2021-07-13 14:27:44', NULL, NULL, '2021-07-13 06:27:44', '2021-07-13 06:27:44'),
(530, 'Seminyak', NULL, 'System', '2021-07-13 14:27:44', NULL, NULL, '2021-07-13 06:27:44', '2021-07-13 06:27:44'),
(531, 'Sempidi', NULL, 'System', '2021-07-13 14:27:44', NULL, NULL, '2021-07-13 06:27:44', '2021-07-13 06:27:44'),
(532, 'Senganan', NULL, 'System', '2021-07-13 14:27:44', NULL, NULL, '2021-07-13 06:27:44', '2021-07-13 06:27:44'),
(533, 'Sengkidu', NULL, 'System', '2021-07-13 14:27:44', NULL, NULL, '2021-07-13 06:27:44', '2021-07-13 06:27:44'),
(534, 'Sepang', NULL, 'System', '2021-07-13 14:27:44', NULL, NULL, '2021-07-13 06:27:44', '2021-07-13 06:27:44'),
(535, 'Sepang Kelod', NULL, 'System', '2021-07-13 14:27:44', NULL, NULL, '2021-07-13 06:27:44', '2021-07-13 06:27:44'),
(536, 'Serahi', NULL, 'System', '2021-07-13 14:27:44', NULL, NULL, '2021-07-13 06:27:44', '2021-07-13 06:27:44'),
(537, 'Serampingan', NULL, 'System', '2021-07-13 14:27:44', NULL, NULL, '2021-07-13 06:27:44', '2021-07-13 06:27:44'),
(538, 'Serangan', NULL, 'System', '2021-07-13 14:27:44', NULL, NULL, '2021-07-13 06:27:44', '2021-07-13 06:27:44'),
(539, 'Seraya', NULL, 'System', '2021-07-13 14:27:44', NULL, NULL, '2021-07-13 06:27:44', '2021-07-13 06:27:44'),
(540, 'Seraya Barat', NULL, 'System', '2021-07-13 14:27:44', NULL, NULL, '2021-07-13 06:27:44', '2021-07-13 06:27:44'),
(541, 'Seraya Timur', NULL, 'System', '2021-07-13 14:27:44', NULL, NULL, '2021-07-13 06:27:44', '2021-07-13 06:27:44'),
(542, 'Seririt', NULL, 'System', '2021-07-13 14:27:44', NULL, NULL, '2021-07-13 06:27:44', '2021-07-13 06:27:44'),
(543, 'Serongga', NULL, 'System', '2021-07-13 14:27:44', NULL, NULL, '2021-07-13 06:27:44', '2021-07-13 06:27:44'),
(544, 'Sesandan', NULL, 'System', '2021-07-13 14:27:44', NULL, NULL, '2021-07-13 06:27:44', '2021-07-13 06:27:44'),
(545, 'Sesetan', NULL, 'System', '2021-07-13 14:27:44', NULL, NULL, '2021-07-13 06:27:44', '2021-07-13 06:27:44'),
(546, 'Siangan', NULL, 'System', '2021-07-13 14:27:44', NULL, NULL, '2021-07-13 06:27:44', '2021-07-13 06:27:44'),
(547, 'Sibang Kaja', NULL, 'System', '2021-07-13 14:27:44', NULL, NULL, '2021-07-13 06:27:44', '2021-07-13 06:27:44'),
(548, 'Sibetan', NULL, 'System', '2021-07-13 14:27:44', NULL, NULL, '2021-07-13 06:27:44', '2021-07-13 06:27:44'),
(549, 'Sidakarya', NULL, 'System', '2021-07-13 14:27:44', NULL, NULL, '2021-07-13 06:27:44', '2021-07-13 06:27:44'),
(550, 'Sidan', NULL, 'System', '2021-07-13 14:27:44', NULL, NULL, '2021-07-13 06:27:44', '2021-07-13 06:27:44'),
(551, 'Sidemen', NULL, 'System', '2021-07-13 14:27:44', NULL, NULL, '2021-07-13 06:27:44', '2021-07-13 06:27:44'),
(552, 'Sidetapa', NULL, 'System', '2021-07-13 14:27:44', NULL, NULL, '2021-07-13 06:27:44', '2021-07-13 06:27:44'),
(553, 'Silangjana', NULL, 'System', '2021-07-13 14:27:44', NULL, NULL, '2021-07-13 06:27:44', '2021-07-13 06:27:44'),
(554, 'Sinabun', NULL, 'System', '2021-07-13 14:27:44', NULL, NULL, '2021-07-13 06:27:44', '2021-07-13 06:27:44'),
(555, 'Sindu Wati', NULL, 'System', '2021-07-13 14:27:44', NULL, NULL, '2021-07-13 06:27:44', '2021-07-13 06:27:44'),
(556, 'Singapadu', NULL, 'System', '2021-07-13 14:27:44', NULL, NULL, '2021-07-13 06:27:44', '2021-07-13 06:27:44'),
(557, 'Singapadu Kaler', NULL, 'System', '2021-07-13 14:27:44', NULL, NULL, '2021-07-13 06:27:44', '2021-07-13 06:27:44'),
(558, 'Singapadu Tengah', NULL, 'System', '2021-07-13 14:27:44', NULL, NULL, '2021-07-13 06:27:44', '2021-07-13 06:27:44'),
(559, 'Singekerta', NULL, 'System', '2021-07-13 14:27:44', NULL, NULL, '2021-07-13 06:27:44', '2021-07-13 06:27:44'),
(560, 'Siyakin', NULL, 'System', '2021-07-13 14:27:44', NULL, NULL, '2021-07-13 06:27:44', '2021-07-13 06:27:44'),
(561, 'Sobangan', NULL, 'System', '2021-07-13 14:27:44', NULL, NULL, '2021-07-13 06:27:44', '2021-07-13 06:27:44'),
(562, 'Songan A', NULL, 'System', '2021-07-13 14:27:44', NULL, NULL, '2021-07-13 06:27:44', '2021-07-13 06:27:44'),
(563, 'Songan B', NULL, 'System', '2021-07-13 14:27:44', NULL, NULL, '2021-07-13 06:27:44', '2021-07-13 06:27:44'),
(564, 'Suana', NULL, 'System', '2021-07-13 14:27:44', NULL, NULL, '2021-07-13 06:27:44', '2021-07-13 06:27:44'),
(565, 'Subagan', NULL, 'System', '2021-07-13 14:27:44', NULL, NULL, '2021-07-13 06:27:44', '2021-07-13 06:27:44'),
(566, 'Subamia', NULL, 'System', '2021-07-13 14:27:44', NULL, NULL, '2021-07-13 06:27:44', '2021-07-13 06:27:44'),
(567, 'Subaya', NULL, 'System', '2021-07-13 14:27:44', NULL, NULL, '2021-07-13 06:27:44', '2021-07-13 06:27:44'),
(568, 'Subuk', NULL, 'System', '2021-07-13 14:27:44', NULL, NULL, '2021-07-13 06:27:44', '2021-07-13 06:27:44'),
(569, 'Sudaji', NULL, 'System', '2021-07-13 14:27:44', NULL, NULL, '2021-07-13 06:27:44', '2021-07-13 06:27:44'),
(570, 'Sudimara', NULL, 'System', '2021-07-13 14:27:44', NULL, NULL, '2021-07-13 06:27:44', '2021-07-13 06:27:44'),
(571, 'Sukadana', NULL, 'System', '2021-07-13 14:27:44', NULL, NULL, '2021-07-13 06:27:44', '2021-07-13 06:27:44'),
(572, 'Sukasada', NULL, 'System', '2021-07-13 14:27:44', NULL, NULL, '2021-07-13 06:27:44', '2021-07-13 06:27:44'),
(573, 'Sukawana', NULL, 'System', '2021-07-13 14:27:44', NULL, NULL, '2021-07-13 06:27:44', '2021-07-13 06:27:44'),
(574, 'Sukawati', NULL, 'System', '2021-07-13 14:27:44', NULL, NULL, '2021-07-13 06:27:44', '2021-07-13 06:27:44'),
(575, 'Sulahan', NULL, 'System', '2021-07-13 14:27:44', NULL, NULL, '2021-07-13 06:27:44', '2021-07-13 06:27:44'),
(576, 'Sulang', NULL, 'System', '2021-07-13 14:27:44', NULL, NULL, '2021-07-13 06:27:44', '2021-07-13 06:27:44'),
(577, 'Sulangai', NULL, 'System', '2021-07-13 14:27:44', NULL, NULL, '2021-07-13 06:27:44', '2021-07-13 06:27:44'),
(578, 'Sulanyah', NULL, 'System', '2021-07-13 14:27:44', NULL, NULL, '2021-07-13 06:27:44', '2021-07-13 06:27:44'),
(579, 'Sumber Klampok', NULL, 'System', '2021-07-13 14:27:44', NULL, NULL, '2021-07-13 06:27:44', '2021-07-13 06:27:44'),
(580, 'Sumberkima', NULL, 'System', '2021-07-13 14:27:44', NULL, NULL, '2021-07-13 06:27:44', '2021-07-13 06:27:44'),
(581, 'Sumerta', NULL, 'System', '2021-07-13 14:27:44', NULL, NULL, '2021-07-13 06:27:44', '2021-07-13 06:27:44'),
(582, 'Sumerta Kaja', NULL, 'System', '2021-07-13 14:27:44', NULL, NULL, '2021-07-13 06:27:44', '2021-07-13 06:27:44'),
(583, 'Sumerta Kauh', NULL, 'System', '2021-07-13 14:27:44', NULL, NULL, '2021-07-13 06:27:44', '2021-07-13 06:27:44'),
(584, 'Sumerta Kelod', NULL, 'System', '2021-07-13 14:27:44', NULL, NULL, '2021-07-13 06:27:44', '2021-07-13 06:27:44'),
(585, 'Sumita', NULL, 'System', '2021-07-13 14:27:44', NULL, NULL, '2021-07-13 06:27:44', '2021-07-13 06:27:44'),
(586, 'Susut', NULL, 'System', '2021-07-13 14:27:44', NULL, NULL, '2021-07-13 06:27:44', '2021-07-13 06:27:44'),
(587, 'Suter', NULL, 'System', '2021-07-13 14:27:44', NULL, NULL, '2021-07-13 06:27:44', '2021-07-13 06:27:44'),
(588, 'Suwat', NULL, 'System', '2021-07-13 14:27:44', NULL, NULL, '2021-07-13 06:27:44', '2021-07-13 06:27:44'),
(589, 'Suwug', NULL, 'System', '2021-07-13 14:27:44', NULL, NULL, '2021-07-13 06:27:44', '2021-07-13 06:27:44'),
(590, 'Tajen', NULL, 'System', '2021-07-13 14:27:44', NULL, NULL, '2021-07-13 06:27:44', '2021-07-13 06:27:44'),
(591, 'Tajun', NULL, 'System', '2021-07-13 14:27:44', NULL, NULL, '2021-07-13 06:27:44', '2021-07-13 06:27:44'),
(592, 'Takmung', NULL, 'System', '2021-07-13 14:27:44', NULL, NULL, '2021-07-13 06:27:44', '2021-07-13 06:27:44'),
(593, 'Talibeng', NULL, 'System', '2021-07-13 14:27:44', NULL, NULL, '2021-07-13 06:27:44', '2021-07-13 06:27:44'),
(594, 'Taman', NULL, 'System', '2021-07-13 14:27:44', NULL, NULL, '2021-07-13 06:27:44', '2021-07-13 06:27:44'),
(595, 'Taman Bali', NULL, 'System', '2021-07-13 14:27:44', NULL, NULL, '2021-07-13 06:27:44', '2021-07-13 06:27:44'),
(596, 'Tambakan', NULL, 'System', '2021-07-13 14:27:44', NULL, NULL, '2021-07-13 06:27:44', '2021-07-13 06:27:44'),
(597, 'Tamblang', NULL, 'System', '2021-07-13 14:27:44', NULL, NULL, '2021-07-13 06:27:44', '2021-07-13 06:27:44'),
(598, 'Tampaksiring', NULL, 'System', '2021-07-13 14:27:44', NULL, NULL, '2021-07-13 06:27:44', '2021-07-13 06:27:44'),
(599, 'Tampekan', NULL, 'System', '2021-07-13 14:27:44', NULL, NULL, '2021-07-13 06:27:44', '2021-07-13 06:27:44'),
(600, 'Tangguntiti', NULL, 'System', '2021-07-13 14:27:44', NULL, NULL, '2021-07-13 06:27:44', '2021-07-13 06:27:44'),
(601, 'Tangguwisia', NULL, 'System', '2021-07-13 14:27:44', NULL, NULL, '2021-07-13 06:27:44', '2021-07-13 06:27:44'),
(602, 'Tangkas', NULL, 'System', '2021-07-13 14:27:44', NULL, NULL, '2021-07-13 06:27:44', '2021-07-13 06:27:44'),
(603, 'Tangkup', NULL, 'System', '2021-07-13 14:27:44', NULL, NULL, '2021-07-13 06:27:44', '2021-07-13 06:27:44'),
(604, 'Tanglad', NULL, 'System', '2021-07-13 14:27:44', NULL, NULL, '2021-07-13 06:27:44', '2021-07-13 06:27:44'),
(605, 'Tanjung Benoa', NULL, 'System', '2021-07-13 14:27:44', NULL, NULL, '2021-07-13 06:27:44', '2021-07-13 06:27:44'),
(606, 'Taro', NULL, 'System', '2021-07-13 14:27:44', NULL, NULL, '2021-07-13 06:27:44', '2021-07-13 06:27:44'),
(607, 'Tegak', NULL, 'System', '2021-07-13 14:27:44', NULL, NULL, '2021-07-13 06:27:44', '2021-07-13 06:27:44'),
(608, 'Tegal Badeng Barat', NULL, 'System', '2021-07-13 14:27:44', NULL, NULL, '2021-07-13 06:27:44', '2021-07-13 06:27:44'),
(609, 'Tegal Badeng Timur', NULL, 'System', '2021-07-13 14:27:44', NULL, NULL, '2021-07-13 06:27:44', '2021-07-13 06:27:44'),
(610, 'Tegal Cangkring', NULL, 'System', '2021-07-13 14:27:44', NULL, NULL, '2021-07-13 06:27:44', '2021-07-13 06:27:44'),
(611, 'Tegal Harum', NULL, 'System', '2021-07-13 14:27:44', NULL, NULL, '2021-07-13 06:27:44', '2021-07-13 06:27:44'),
(612, 'Tegal Kertha', NULL, 'System', '2021-07-13 14:27:44', NULL, NULL, '2021-07-13 06:27:44', '2021-07-13 06:27:44'),
(613, 'Tegal Linggah', NULL, 'System', '2021-07-13 14:27:44', NULL, NULL, '2021-07-13 06:27:44', '2021-07-13 06:27:44'),
(614, 'Tegal Mengkeb', NULL, 'System', '2021-07-13 14:27:44', NULL, NULL, '2021-07-13 06:27:44', '2021-07-13 06:27:44'),
(615, 'Tegal Tugu', NULL, 'System', '2021-07-13 14:27:44', NULL, NULL, '2021-07-13 06:27:44', '2021-07-13 06:27:44'),
(616, 'Tegalinggah', NULL, 'System', '2021-07-13 14:27:44', NULL, NULL, '2021-07-13 06:27:44', '2021-07-13 06:27:44'),
(617, 'Tegaljadi', NULL, 'System', '2021-07-13 14:27:44', NULL, NULL, '2021-07-13 06:27:44', '2021-07-13 06:27:44'),
(618, 'Tegallalang', NULL, 'System', '2021-07-13 14:27:44', NULL, NULL, '2021-07-13 06:27:44', '2021-07-13 06:27:44'),
(619, 'Tegallinggah', NULL, 'System', '2021-07-13 14:27:44', NULL, NULL, '2021-07-13 06:27:44', '2021-07-13 06:27:44'),
(620, 'Tejakula', NULL, 'System', '2021-07-13 14:27:44', NULL, NULL, '2021-07-13 06:27:44', '2021-07-13 06:27:44'),
(621, 'Telaga', NULL, 'System', '2021-07-13 14:27:44', NULL, NULL, '2021-07-13 06:27:44', '2021-07-13 06:27:44'),
(622, 'Telagatawang', NULL, 'System', '2021-07-13 14:27:44', NULL, NULL, '2021-07-13 06:27:44', '2021-07-13 06:27:44'),
(623, 'Tembok', NULL, 'System', '2021-07-13 14:27:44', NULL, NULL, '2021-07-13 06:27:44', '2021-07-13 06:27:44'),
(624, 'Tembuku', NULL, 'System', '2021-07-13 14:27:44', NULL, NULL, '2021-07-13 06:27:44', '2021-07-13 06:27:44'),
(625, 'Temesi', NULL, 'System', '2021-07-13 14:27:44', NULL, NULL, '2021-07-13 06:27:44', '2021-07-13 06:27:44'),
(626, 'Temukus', NULL, 'System', '2021-07-13 14:27:44', NULL, NULL, '2021-07-13 06:27:44', '2021-07-13 06:27:44'),
(627, 'Tenganan', NULL, 'System', '2021-07-13 14:27:44', NULL, NULL, '2021-07-13 06:27:44', '2021-07-13 06:27:44'),
(628, 'Terunyan', NULL, 'System', '2021-07-13 14:27:44', NULL, NULL, '2021-07-13 06:27:44', '2021-07-13 06:27:44'),
(629, 'Tianyar', NULL, 'System', '2021-07-13 14:27:44', NULL, NULL, '2021-07-13 06:27:44', '2021-07-13 06:27:44'),
(630, 'Tianyar Barat', NULL, 'System', '2021-07-13 14:27:44', NULL, NULL, '2021-07-13 06:27:44', '2021-07-13 06:27:44'),
(631, 'Tianyar Tengah', NULL, 'System', '2021-07-13 14:27:44', NULL, NULL, '2021-07-13 06:27:44', '2021-07-13 06:27:44'),
(632, 'Tibubeneng', NULL, 'System', '2021-07-13 14:27:44', NULL, NULL, '2021-07-13 06:27:44', '2021-07-13 06:27:44'),
(633, 'Tibubiyu', NULL, 'System', '2021-07-13 14:27:44', NULL, NULL, '2021-07-13 06:27:44', '2021-07-13 06:27:44'),
(634, 'Tiga', NULL, 'System', '2021-07-13 14:27:44', NULL, NULL, '2021-07-13 06:27:44', '2021-07-13 06:27:44'),
(635, 'Tigawasa', NULL, 'System', '2021-07-13 14:27:44', NULL, NULL, '2021-07-13 06:27:44', '2021-07-13 06:27:44'),
(636, 'Tihingan', NULL, 'System', '2021-07-13 14:27:44', NULL, NULL, '2021-07-13 06:27:44', '2021-07-13 06:27:44'),
(637, 'Timpag', NULL, 'System', '2021-07-13 14:27:44', NULL, NULL, '2021-07-13 06:27:44', '2021-07-13 06:27:44'),
(638, 'Timuhun', NULL, 'System', '2021-07-13 14:27:44', NULL, NULL, '2021-07-13 06:27:44', '2021-07-13 06:27:44'),
(639, 'Tinga Tinga', NULL, 'System', '2021-07-13 14:27:44', NULL, NULL, '2021-07-13 06:27:44', '2021-07-13 06:27:44'),
(640, 'Tinggarsari', NULL, 'System', '2021-07-13 14:27:44', NULL, NULL, '2021-07-13 06:27:44', '2021-07-13 06:27:44'),
(641, 'Tirtasari', NULL, 'System', '2021-07-13 14:27:44', NULL, NULL, '2021-07-13 06:27:44', '2021-07-13 06:27:44'),
(642, 'Tista', NULL, 'System', '2021-07-13 14:27:44', NULL, NULL, '2021-07-13 06:27:44', '2021-07-13 06:27:44'),
(643, 'Titab', NULL, 'System', '2021-07-13 14:27:44', NULL, NULL, '2021-07-13 06:27:44', '2021-07-13 06:27:44'),
(644, 'Tiying Gading', NULL, 'System', '2021-07-13 14:27:44', NULL, NULL, '2021-07-13 06:27:44', '2021-07-13 06:27:44'),
(645, 'Tiyingtali', NULL, 'System', '2021-07-13 14:27:44', NULL, NULL, '2021-07-13 06:27:44', '2021-07-13 06:27:44'),
(646, 'Tohpati', NULL, 'System', '2021-07-13 14:27:44', NULL, NULL, '2021-07-13 06:27:44', '2021-07-13 06:27:44'),
(647, 'Tojan', NULL, 'System', '2021-07-13 14:27:44', NULL, NULL, '2021-07-13 06:27:44', '2021-07-13 06:27:44'),
(648, 'Tonja', NULL, 'System', '2021-07-13 14:27:44', NULL, NULL, '2021-07-13 06:27:44', '2021-07-13 06:27:44'),
(649, 'Tri Buana', NULL, 'System', '2021-07-13 14:27:44', NULL, NULL, '2021-07-13 06:27:44', '2021-07-13 06:27:44'),
(650, 'Tri Eka Buana', NULL, 'System', '2021-07-13 14:27:44', NULL, NULL, '2021-07-13 06:27:44', '2021-07-13 06:27:44'),
(651, 'Tua', NULL, 'System', '2021-07-13 14:27:44', NULL, NULL, '2021-07-13 06:27:44', '2021-07-13 06:27:44'),
(652, 'Tuban', NULL, 'System', '2021-07-13 14:27:44', NULL, NULL, '2021-07-13 06:27:44', '2021-07-13 06:27:44'),
(653, 'Tukad Sumaga', NULL, 'System', '2021-07-13 14:27:44', NULL, NULL, '2021-07-13 06:27:44', '2021-07-13 06:27:44'),
(654, 'Tukadaya', NULL, 'System', '2021-07-13 14:27:44', NULL, NULL, '2021-07-13 06:27:44', '2021-07-13 06:27:44'),
(655, 'Tukadmungga', NULL, 'System', '2021-07-13 14:27:44', NULL, NULL, '2021-07-13 06:27:44', '2021-07-13 06:27:44'),
(656, 'Tulamben', NULL, 'System', '2021-07-13 14:27:44', NULL, NULL, '2021-07-13 06:27:44', '2021-07-13 06:27:44'),
(657, 'Tulikup', NULL, 'System', '2021-07-13 14:27:44', NULL, NULL, '2021-07-13 06:27:44', '2021-07-13 06:27:44'),
(658, 'Tumbak Bayuh', NULL, 'System', '2021-07-13 14:27:44', NULL, NULL, '2021-07-13 06:27:44', '2021-07-13 06:27:44'),
(659, 'Tumbu', NULL, 'System', '2021-07-13 14:27:44', NULL, NULL, '2021-07-13 06:27:44', '2021-07-13 06:27:44'),
(660, 'Tunjuk', NULL, 'System', '2021-07-13 14:27:44', NULL, NULL, '2021-07-13 06:27:44', '2021-07-13 06:27:44'),
(661, 'Tunjung', NULL, 'System', '2021-07-13 14:27:44', NULL, NULL, '2021-07-13 06:27:44', '2021-07-13 06:27:44'),
(662, 'Tusan', NULL, 'System', '2021-07-13 14:27:44', NULL, NULL, '2021-07-13 06:27:44', '2021-07-13 06:27:44'),
(663, 'Tuwed', NULL, 'System', '2021-07-13 14:27:44', NULL, NULL, '2021-07-13 06:27:44', '2021-07-13 06:27:44'),
(664, 'Ubud', NULL, 'System', '2021-07-13 14:27:44', NULL, NULL, '2021-07-13 06:27:44', '2021-07-13 06:27:44'),
(665, 'Ubung', NULL, 'System', '2021-07-13 14:27:44', NULL, NULL, '2021-07-13 06:27:44', '2021-07-13 06:27:44'),
(666, 'Ubung  Kaja', NULL, 'System', '2021-07-13 14:27:44', NULL, NULL, '2021-07-13 06:27:44', '2021-07-13 06:27:44'),
(667, 'Ulakan', NULL, 'System', '2021-07-13 14:27:44', NULL, NULL, '2021-07-13 06:27:44', '2021-07-13 06:27:44'),
(668, 'Ularan', NULL, 'System', '2021-07-13 14:27:44', NULL, NULL, '2021-07-13 06:27:44', '2021-07-13 06:27:44'),
(669, 'Ulian', NULL, 'System', '2021-07-13 14:27:44', NULL, NULL, '2021-07-13 06:27:44', '2021-07-13 06:27:44'),
(670, 'Umeanyar', NULL, 'System', '2021-07-13 14:27:44', NULL, NULL, '2021-07-13 06:27:44', '2021-07-13 06:27:44'),
(671, 'Umejero', NULL, 'System', '2021-07-13 14:27:44', NULL, NULL, '2021-07-13 06:27:44', '2021-07-13 06:27:44'),
(672, 'Undisan', NULL, 'System', '2021-07-13 14:27:44', NULL, NULL, '2021-07-13 06:27:44', '2021-07-13 06:27:44'),
(673, 'Ungasan', NULL, 'System', '2021-07-13 14:27:44', NULL, NULL, '2021-07-13 06:27:44', '2021-07-13 06:27:44'),
(674, 'Unggahan', NULL, 'System', '2021-07-13 14:27:44', NULL, NULL, '2021-07-13 06:27:44', '2021-07-13 06:27:44'),
(675, 'Wanagiri', NULL, 'System', '2021-07-13 14:27:44', NULL, NULL, '2021-07-13 06:27:44', '2021-07-13 06:27:44'),
(676, 'Wanagiri Kauh', NULL, 'System', '2021-07-13 14:27:44', NULL, NULL, '2021-07-13 06:27:44', '2021-07-13 06:27:44'),
(677, 'Wanasari', NULL, 'System', '2021-07-13 14:27:44', NULL, NULL, '2021-07-13 06:27:44', '2021-07-13 06:27:44'),
(678, 'Warnasari', NULL, 'System', '2021-07-13 14:27:44', NULL, NULL, '2021-07-13 06:27:44', '2021-07-13 06:27:44'),
(679, 'Werdi Bhuwana', NULL, 'System', '2021-07-13 14:27:44', NULL, NULL, '2021-07-13 06:27:44', '2021-07-13 06:27:44'),
(680, 'Wisma Kerta', NULL, 'System', '2021-07-13 14:27:44', NULL, NULL, '2021-07-13 06:27:44', '2021-07-13 06:27:44'),
(681, 'Wongaya Gede', NULL, 'System', '2021-07-13 14:27:44', NULL, NULL, '2021-07-13 06:27:44', '2021-07-13 06:27:44'),
(682, 'Yangapi', NULL, 'System', '2021-07-13 14:27:44', NULL, NULL, '2021-07-13 06:27:44', '2021-07-13 06:27:44'),
(683, 'Yeh Embang', NULL, 'System', '2021-07-13 14:27:44', NULL, NULL, '2021-07-13 06:27:44', '2021-07-13 06:27:44'),
(684, 'Yeh Embang Kangin', NULL, 'System', '2021-07-13 14:27:44', NULL, NULL, '2021-07-13 06:27:44', '2021-07-13 06:27:44'),
(685, 'Yeh Embang Kauh', NULL, 'System', '2021-07-13 14:27:44', NULL, NULL, '2021-07-13 06:27:44', '2021-07-13 06:27:44'),
(686, 'Yeh Kuning', NULL, 'System', '2021-07-13 14:27:44', NULL, NULL, '2021-07-13 06:27:44', '2021-07-13 06:27:44'),
(687, 'Yeh Sumbul', NULL, 'System', '2021-07-13 14:27:44', NULL, NULL, '2021-07-13 06:27:44', '2021-07-13 06:27:44');

-- --------------------------------------------------------

--
-- Table structure for table `banks`
--

CREATE TABLE `banks` (
  `id` int(10) UNSIGNED NOT NULL,
  `bank_name` varchar(200) COLLATE utf8mb4_unicode_ci NOT NULL,
  `description` varchar(200) COLLATE utf8mb4_unicode_ci DEFAULT NULL,
  `created_by` varchar(100) COLLATE utf8mb4_unicode_ci DEFAULT NULL,
  `created_datetime` datetime DEFAULT NULL,
  `last_modified_by` varchar(100) COLLATE utf8mb4_unicode_ci DEFAULT NULL,
  `last_modified_datetime` datetime DEFAULT NULL,
  `created_at` timestamp NULL DEFAULT NULL,
  `updated_at` timestamp NULL DEFAULT NULL
) ENGINE=InnoDB DEFAULT CHARSET=utf8mb4 COLLATE=utf8mb4_unicode_ci;

--
-- Dumping data for table `banks`
--

INSERT INTO `banks` (`id`, `bank_name`, `description`, `created_by`, `created_datetime`, `last_modified_by`, `last_modified_datetime`, `created_at`, `updated_at`) VALUES
(1, 'BCA', NULL, 'Deva Dwi A', '2021-07-11 22:35:12', NULL, NULL, '2021-07-11 14:35:12', '2021-07-11 14:35:12'),
(2, 'BNI', NULL, 'Deva Dwi A', '2021-07-11 22:35:19', NULL, NULL, '2021-07-11 14:35:19', '2021-07-11 14:35:19'),
(3, 'BRI', NULL, 'Deva Dwi A', '2021-07-11 22:35:26', NULL, NULL, '2021-07-11 14:35:26', '2021-07-11 14:35:26'),
(4, 'BTN', NULL, 'Deva Dwi A', '2021-07-11 22:35:31', NULL, NULL, '2021-07-11 14:35:31', '2021-07-11 14:35:31'),
(5, 'BTPN', NULL, 'Deva Dwi A', '2021-07-11 22:35:36', NULL, NULL, '2021-07-11 14:35:36', '2021-07-11 14:35:36'),
(6, 'MANDIRI', NULL, 'Deva Dwi A', '2021-07-17 03:23:04', 'Deva Dwi A Edit', '2021-07-17 03:23:04', '2021-07-11 14:35:45', '2021-07-16 19:23:04'),
(7, 'DANAMON', NULL, 'Deva Dwi A', '2021-07-17 03:22:59', 'Deva Dwi A Edit', '2021-07-17 03:22:59', '2021-07-11 14:35:50', '2021-07-16 19:22:59'),
(8, 'CIMB', NULL, 'Deva Dwi A', '2021-07-11 22:35:57', NULL, NULL, '2021-07-11 14:35:57', '2021-07-11 14:35:57'),
(9, 'BPD', NULL, 'Deva Dwi A', '2021-07-11 22:36:01', NULL, NULL, '2021-07-11 14:36:01', '2021-07-11 14:36:01'),
(10, 'BUKOPIN', NULL, 'Deva Dwi A', '2021-07-17 03:22:53', 'Deva Dwi A Edit', '2021-07-17 03:22:53', '2021-07-11 14:36:09', '2021-07-16 19:22:53'),
(11, 'MEGA', NULL, 'Deva Dwi A', '2021-07-17 03:26:32', 'Deva Dwi A Edit', '2021-07-17 03:26:32', '2021-07-11 14:36:13', '2021-07-16 19:26:33'),
(12, 'OCBC NISP', NULL, 'Deva Dwi A', '2021-07-17 03:21:41', NULL, NULL, '2021-07-16 19:21:42', '2021-07-16 19:21:42'),
(13, 'PANIN', NULL, 'Deva Dwi A', '2021-07-17 03:22:39', NULL, NULL, '2021-07-16 19:22:39', '2021-07-16 19:22:39'),
(14, 'PERMATA', NULL, 'Deva Dwi A', '2021-07-17 03:22:46', NULL, NULL, '2021-07-16 19:22:46', '2021-07-16 19:22:46');

-- --------------------------------------------------------

--
-- Table structure for table `box_resources`
--

CREATE TABLE `box_resources` (
  `id` int(10) UNSIGNED NOT NULL,
  `resource_name` varchar(100) COLLATE utf8mb4_unicode_ci NOT NULL,
  `description` varchar(200) COLLATE utf8mb4_unicode_ci DEFAULT NULL,
  `created_by` varchar(100) COLLATE utf8mb4_unicode_ci DEFAULT NULL,
  `created_datetime` datetime DEFAULT NULL,
  `last_modified_by` varchar(100) COLLATE utf8mb4_unicode_ci DEFAULT NULL,
  `last_modified_datetime` datetime DEFAULT NULL,
  `created_at` timestamp NULL DEFAULT NULL,
  `updated_at` timestamp NULL DEFAULT NULL
) ENGINE=InnoDB DEFAULT CHARSET=utf8mb4 COLLATE=utf8mb4_unicode_ci;

--
-- Dumping data for table `box_resources`
--

INSERT INTO `box_resources` (`id`, `resource_name`, `description`, `created_by`, `created_datetime`, `last_modified_by`, `last_modified_datetime`, `created_at`, `updated_at`) VALUES
(1, 'Rumah Tangga', NULL, 'Deva Dwi A', '2021-07-17 03:02:08', NULL, NULL, '2021-07-16 19:02:09', '2021-07-16 19:02:09'),
(2, 'Hotel', NULL, 'Deva Dwi A', '2021-07-17 03:02:15', NULL, NULL, '2021-07-16 19:02:15', '2021-07-16 19:02:15'),
(3, 'Villa', NULL, 'Deva Dwi A', '2021-07-17 03:02:19', NULL, NULL, '2021-07-16 19:02:19', '2021-07-16 19:02:19'),
(4, 'Guest House', NULL, 'Deva Dwi A', '2021-07-17 03:02:26', NULL, NULL, '2021-07-16 19:02:26', '2021-07-16 19:02:26'),
(5, 'Restoran', NULL, 'Deva Dwi A', '2021-07-17 03:02:31', NULL, NULL, '2021-07-16 19:02:32', '2021-07-16 19:02:32'),
(6, 'Pasar', NULL, 'Deva Dwi A', '2021-07-17 03:02:36', NULL, NULL, '2021-07-16 19:02:36', '2021-07-16 19:02:36'),
(7, 'Warung/Toko', NULL, 'Deva Dwi A', '2021-07-17 03:02:43', NULL, NULL, '2021-07-16 19:02:43', '2021-07-16 19:02:43'),
(8, 'Mall', NULL, 'Deva Dwi A', '2021-07-17 03:02:46', NULL, NULL, '2021-07-16 19:02:46', '2021-07-16 19:02:46'),
(9, 'Bandara', NULL, 'Deva Dwi A', '2021-07-17 03:02:50', NULL, NULL, '2021-07-16 19:02:51', '2021-07-16 19:02:51'),
(10, 'Unit Usaha Lain', NULL, 'Deva Dwi A', '2021-07-17 03:03:01', NULL, NULL, '2021-07-16 19:03:01', '2021-07-16 19:03:01'),
(11, 'TPS3R', NULL, 'Deva Dwi A', '2021-07-17 03:03:07', NULL, NULL, '2021-07-16 19:03:07', '2021-07-16 19:03:07'),
(12, 'Sekolah', NULL, 'Deva Dwi A', '2021-07-17 03:03:11', NULL, NULL, '2021-07-16 19:03:11', '2021-07-16 19:03:11'),
(13, 'Jasa Sampah', NULL, 'Deva Dwi A', '2021-07-17 03:03:18', NULL, NULL, '2021-07-16 19:03:18', '2021-07-16 19:03:18'),
(14, 'TPA', NULL, 'Deva Dwi A', '2021-07-17 03:03:23', NULL, NULL, '2021-07-16 19:03:23', '2021-07-16 19:03:23'),
(15, 'Pengepul', NULL, 'Deva Dwi A', '2021-07-17 03:03:27', NULL, NULL, '2021-07-16 19:03:27', '2021-07-16 19:03:27'),
(16, 'Pemulung', NULL, 'Deva Dwi A', '2021-07-17 03:03:32', NULL, NULL, '2021-07-16 19:03:32', '2021-07-16 19:03:32'),
(17, 'Bank Sampah Unit', NULL, 'Deva Dwi A', '2021-07-17 03:03:39', NULL, NULL, '2021-07-16 19:03:39', '2021-07-16 19:03:39'),
(18, 'Bank Sampah Induk', NULL, 'Deva Dwi A', '2021-07-17 03:03:47', NULL, NULL, '2021-07-16 19:03:48', '2021-07-16 19:03:48');

-- --------------------------------------------------------

--
-- Table structure for table `categories`
--

CREATE TABLE `categories` (
  `id` int(10) UNSIGNED NOT NULL,
  `category_name` varchar(50) COLLATE utf8mb4_unicode_ci NOT NULL,
  `description` varchar(200) COLLATE utf8mb4_unicode_ci DEFAULT NULL,
  `created_by` varchar(100) COLLATE utf8mb4_unicode_ci DEFAULT NULL,
  `created_datetime` datetime DEFAULT NULL,
  `last_modified_by` varchar(100) COLLATE utf8mb4_unicode_ci DEFAULT NULL,
  `last_modified_datetime` datetime DEFAULT NULL,
  `created_at` timestamp NULL DEFAULT NULL,
  `updated_at` timestamp NULL DEFAULT NULL
) ENGINE=InnoDB DEFAULT CHARSET=utf8mb4 COLLATE=utf8mb4_unicode_ci;

--
-- Dumping data for table `categories`
--

INSERT INTO `categories` (`id`, `category_name`, `description`, `created_by`, `created_datetime`, `last_modified_by`, `last_modified_datetime`, `created_at`, `updated_at`) VALUES
(1, 'Bank Sampah Induk', NULL, 'Deva Dwi A', '2021-07-17 02:59:36', NULL, NULL, '2021-07-16 18:59:36', '2021-07-16 18:59:36'),
(2, 'Bank Sampah Unit', NULL, 'Deva Dwi A', '2021-07-17 02:59:46', NULL, NULL, '2021-07-16 18:59:46', '2021-07-16 18:59:46'),
(3, 'Bisnis', NULL, 'Deva Dwi A', '2021-07-17 02:59:56', NULL, NULL, '2021-07-16 18:59:56', '2021-07-16 18:59:56'),
(4, 'EB Residential Service', NULL, 'Deva Dwi A', '2021-07-17 03:00:15', NULL, NULL, '2021-07-16 19:00:16', '2021-07-16 19:00:16'),
(5, 'Hotel', NULL, 'Deva Dwi A', '2021-07-17 03:00:30', NULL, NULL, '2021-07-16 19:00:30', '2021-07-16 19:00:30'),
(6, 'Individu', NULL, 'Deva Dwi A', '2021-07-17 03:00:38', NULL, NULL, '2021-07-16 19:00:38', '2021-07-16 19:00:38'),
(7, 'Jasa Sampah', NULL, 'Deva Dwi A', '2021-07-17 03:00:49', NULL, NULL, '2021-07-16 19:00:49', '2021-07-16 19:00:49'),
(8, 'Pengepul', NULL, 'Deva Dwi A', '2021-07-17 03:00:57', NULL, NULL, '2021-07-16 19:00:57', '2021-07-16 19:00:57'),
(9, 'Sekolah', NULL, 'Deva Dwi A', '2021-07-17 03:01:05', NULL, NULL, '2021-07-16 19:01:05', '2021-07-16 19:01:05'),
(10, 'TPA', NULL, 'Deva Dwi A', '2021-07-17 03:01:14', NULL, NULL, '2021-07-16 19:01:14', '2021-07-16 19:01:14'),
(11, 'TPS3R', NULL, 'Deva Dwi A', '2021-07-17 03:01:21', NULL, NULL, '2021-07-16 19:01:22', '2021-07-16 19:01:22'),
(12, 'TPST3R', NULL, 'Deva Dwi A', '2021-07-17 03:01:30', NULL, NULL, '2021-07-16 19:01:30', '2021-07-16 19:01:30');

-- --------------------------------------------------------

--
-- Table structure for table `category_details`
--

CREATE TABLE `category_details` (
  `id` int(10) UNSIGNED NOT NULL,
  `category_id` varchar(50) COLLATE utf8mb4_unicode_ci NOT NULL,
  `year` varchar(4) COLLATE utf8mb4_unicode_ci DEFAULT NULL,
  `semester` varchar(4) COLLATE utf8mb4_unicode_ci DEFAULT NULL,
  `target` double(8,2) DEFAULT NULL,
  `created_by` varchar(100) COLLATE utf8mb4_unicode_ci DEFAULT NULL,
  `created_datetime` datetime DEFAULT NULL,
  `last_modified_by` varchar(100) COLLATE utf8mb4_unicode_ci DEFAULT NULL,
  `last_modified_datetime` datetime DEFAULT NULL,
  `created_at` timestamp NULL DEFAULT NULL,
  `updated_at` timestamp NULL DEFAULT NULL
) ENGINE=InnoDB DEFAULT CHARSET=utf8mb4 COLLATE=utf8mb4_unicode_ci;

--
-- Dumping data for table `category_details`
--

INSERT INTO `category_details` (`id`, `category_id`, `year`, `semester`, `target`, `created_by`, `created_datetime`, `last_modified_by`, `last_modified_datetime`, `created_at`, `updated_at`) VALUES
(1, '1', '2021', 'S2', 3353.70, 'Deva Dwi A', '2021-07-17 02:59:36', NULL, NULL, '2021-07-16 18:59:37', '2021-07-16 18:59:37'),
(2, '2', '2021', 'S2', 953.60, 'Deva Dwi A', '2021-07-17 02:59:46', NULL, NULL, '2021-07-16 18:59:46', '2021-07-16 18:59:46'),
(3, '3', '2021', 'S2', 13898.40, 'Deva Dwi A', '2021-07-17 02:59:56', NULL, NULL, '2021-07-16 18:59:56', '2021-07-16 18:59:56'),
(4, '4', '2021', 'S2', 10364.80, 'Deva Dwi A', '2021-07-17 03:00:15', NULL, NULL, '2021-07-16 19:00:16', '2021-07-16 19:00:16'),
(5, '5', '2021', 'S2', 2416.90, 'Deva Dwi A', '2021-07-17 03:00:30', NULL, NULL, '2021-07-16 19:00:30', '2021-07-16 19:00:30'),
(6, '6', '2021', 'S2', 0.00, 'Deva Dwi A', '2021-07-17 03:00:38', NULL, NULL, '2021-07-16 19:00:38', '2021-07-16 19:00:38'),
(7, '7', '2021', 'S2', 44549.20, 'Deva Dwi A', '2021-07-17 03:00:49', NULL, NULL, '2021-07-16 19:00:49', '2021-07-16 19:00:49'),
(8, '8', '2021', 'S2', 143774.50, 'Deva Dwi A', '2021-07-17 03:00:57', NULL, NULL, '2021-07-16 19:00:57', '2021-07-16 19:00:57'),
(9, '9', '2021', 'S2', 777.30, 'Deva Dwi A', '2021-07-17 03:01:05', NULL, NULL, '2021-07-16 19:01:06', '2021-07-16 19:01:06'),
(10, '10', '2021', 'S2', 10547.70, 'Deva Dwi A', '2021-07-17 03:01:14', NULL, NULL, '2021-07-16 19:01:14', '2021-07-16 19:01:14'),
(11, '11', '2021', 'S2', 4607.20, 'Deva Dwi A', '2021-07-17 03:01:21', NULL, NULL, '2021-07-16 19:01:22', '2021-07-16 19:01:22'),
(12, '12', '2021', 'S2', 14666.70, 'Deva Dwi A', '2021-07-17 03:01:30', NULL, NULL, '2021-07-16 19:01:30', '2021-07-16 19:01:30');

-- --------------------------------------------------------

--
-- Table structure for table `collections`
--

CREATE TABLE `collections` (
  `id` int(10) UNSIGNED NOT NULL,
  `id_participant` varchar(50) COLLATE utf8mb4_unicode_ci NOT NULL,
  `quantity` double(8,2) NOT NULL,
  `collect_date` date NOT NULL,
  `created_by` varchar(100) COLLATE utf8mb4_unicode_ci DEFAULT NULL,
  `created_datetime` datetime DEFAULT NULL,
  `last_modified_by` varchar(100) COLLATE utf8mb4_unicode_ci DEFAULT NULL,
  `last_modified_datetime` datetime DEFAULT NULL,
  `created_at` timestamp NULL DEFAULT NULL,
  `updated_at` timestamp NULL DEFAULT NULL
) ENGINE=InnoDB DEFAULT CHARSET=utf8mb4 COLLATE=utf8mb4_unicode_ci;

--
-- Dumping data for table `collections`
--

INSERT INTO `collections` (`id`, `id_participant`, `quantity`, `collect_date`, `created_by`, `created_datetime`, `last_modified_by`, `last_modified_datetime`, `created_at`, `updated_at`) VALUES
(1, '4', 19.00, '2021-01-08', 'System', '2021-07-18 03:55:11', NULL, NULL, '2021-07-17 19:55:11', '2021-07-17 19:55:11'),
(2, '5', 16.00, '2021-01-08', 'System', '2021-07-18 03:55:11', NULL, NULL, '2021-07-17 19:55:11', '2021-07-17 19:55:11'),
(3, '2', 110.00, '2021-01-15', 'System', '2021-07-18 03:55:11', NULL, NULL, '2021-07-17 19:55:11', '2021-07-17 19:55:11'),
(4, '9', 68.00, '2021-01-09', 'System', '2021-07-18 03:55:11', NULL, NULL, '2021-07-17 19:55:11', '2021-07-17 19:55:11'),
(5, '10', 153.00, '2021-01-14', 'System', '2021-07-18 03:55:11', NULL, NULL, '2021-07-17 19:55:11', '2021-07-17 19:55:11'),
(6, '10', 157.00, '2021-01-29', 'System', '2021-07-18 03:55:11', NULL, NULL, '2021-07-17 19:55:11', '2021-07-17 19:55:11'),
(7, '13', 548.00, '2021-01-08', 'System', '2021-07-18 03:55:11', NULL, NULL, '2021-07-17 19:55:11', '2021-07-17 19:55:11'),
(8, '133', 339.00, '2021-01-09', 'System', '2021-07-18 03:55:11', NULL, NULL, '2021-07-17 19:55:11', '2021-07-17 19:55:11'),
(9, '132', 1485.00, '2021-01-11', 'System', '2021-07-18 03:55:11', NULL, NULL, '2021-07-17 19:55:11', '2021-07-17 19:55:11'),
(10, '134', 340.00, '2021-01-20', 'System', '2021-07-18 03:55:11', NULL, NULL, '2021-07-17 19:55:11', '2021-07-17 19:55:11'),
(11, '132', 2460.00, '2021-01-27', 'System', '2021-07-18 03:55:11', NULL, NULL, '2021-07-17 19:55:11', '2021-07-17 19:55:11'),
(12, '133', 608.00, '2021-01-30', 'System', '2021-07-18 03:55:11', NULL, NULL, '2021-07-17 19:55:11', '2021-07-17 19:55:11'),
(13, '132', 890.00, '2021-01-30', 'System', '2021-07-18 03:55:11', NULL, NULL, '2021-07-17 19:55:11', '2021-07-17 19:55:11'),
(14, '14', 471.00, '2021-01-02', 'System', '2021-07-18 03:55:11', NULL, NULL, '2021-07-17 19:55:11', '2021-07-17 19:55:11'),
(15, '142', 429.00, '2021-01-04', 'System', '2021-07-18 03:55:11', NULL, NULL, '2021-07-17 19:55:11', '2021-07-17 19:55:11'),
(16, '141', 48.00, '2021-01-08', 'System', '2021-07-18 03:55:11', NULL, NULL, '2021-07-17 19:55:11', '2021-07-17 19:55:11'),
(17, '15', 46.00, '2021-01-11', 'System', '2021-07-18 03:55:11', NULL, NULL, '2021-07-17 19:55:11', '2021-07-17 19:55:11'),
(18, '14', 64.00, '2021-01-11', 'System', '2021-07-18 03:55:11', NULL, NULL, '2021-07-17 19:55:11', '2021-07-17 19:55:11'),
(19, '15', 36.00, '2021-01-25', 'System', '2021-07-18 03:55:11', NULL, NULL, '2021-07-17 19:55:11', '2021-07-17 19:55:11'),
(20, '14', 71.00, '2021-01-25', 'System', '2021-07-18 03:55:11', NULL, NULL, '2021-07-17 19:55:11', '2021-07-17 19:55:11'),
(21, '98', 22.00, '2021-01-02', 'System', '2021-07-18 03:55:11', NULL, NULL, '2021-07-17 19:55:11', '2021-07-17 19:55:11'),
(22, '100', 10.00, '2021-01-04', 'System', '2021-07-18 03:55:11', NULL, NULL, '2021-07-17 19:55:11', '2021-07-17 19:55:11'),
(23, '92', 72.00, '2021-01-06', 'System', '2021-07-18 03:55:11', NULL, NULL, '2021-07-17 19:55:11', '2021-07-17 19:55:11'),
(24, '90', 114.00, '2021-01-06', 'System', '2021-07-18 03:55:11', NULL, NULL, '2021-07-17 19:55:11', '2021-07-17 19:55:11'),
(25, '98', 19.00, '2021-01-08', 'System', '2021-07-18 03:55:11', NULL, NULL, '2021-07-17 19:55:11', '2021-07-17 19:55:11'),
(26, '90', 30.00, '2021-01-11', 'System', '2021-07-18 03:55:11', NULL, NULL, '2021-07-17 19:55:11', '2021-07-17 19:55:11'),
(27, '92', 40.00, '2021-01-11', 'System', '2021-07-18 03:55:11', NULL, NULL, '2021-07-17 19:55:11', '2021-07-17 19:55:11'),
(28, '98', 4.00, '2021-01-14', 'System', '2021-07-18 03:55:11', NULL, NULL, '2021-07-17 19:55:11', '2021-07-17 19:55:11'),
(29, '92', 38.00, '2021-01-14', 'System', '2021-07-18 03:55:11', NULL, NULL, '2021-07-17 19:55:11', '2021-07-17 19:55:11'),
(30, '90', 30.00, '2021-01-18', 'System', '2021-07-18 03:55:11', NULL, NULL, '2021-07-17 19:55:11', '2021-07-17 19:55:11'),
(31, '92', 36.00, '2021-01-18', 'System', '2021-07-18 03:55:11', NULL, NULL, '2021-07-17 19:55:11', '2021-07-17 19:55:11'),
(32, '97', 50.00, '2021-01-22', 'System', '2021-07-18 03:55:11', NULL, NULL, '2021-07-17 19:55:11', '2021-07-17 19:55:11'),
(33, '92', 36.00, '2021-01-22', 'System', '2021-07-18 03:55:11', NULL, NULL, '2021-07-17 19:55:11', '2021-07-17 19:55:11'),
(34, '92', 22.00, '2021-01-25', 'System', '2021-07-18 03:55:11', NULL, NULL, '2021-07-17 19:55:11', '2021-07-17 19:55:11'),
(35, '100', 11.00, '2021-01-27', 'System', '2021-07-18 03:55:11', NULL, NULL, '2021-07-17 19:55:11', '2021-07-17 19:55:11'),
(36, '98', 41.00, '2021-01-29', 'System', '2021-07-18 03:55:11', NULL, NULL, '2021-07-17 19:55:11', '2021-07-17 19:55:11'),
(37, '101', 1.00, '2021-01-29', 'System', '2021-07-18 03:55:11', NULL, NULL, '2021-07-17 19:55:11', '2021-07-17 19:55:11'),
(38, '92', 52.00, '2021-01-29', 'System', '2021-07-18 03:55:11', NULL, NULL, '2021-07-17 19:55:11', '2021-07-17 19:55:11'),
(39, '105', 1.50, '2021-01-18', 'System', '2021-07-18 03:55:11', NULL, NULL, '2021-07-17 19:55:11', '2021-07-17 19:55:11'),
(40, '119', 7.00, '2021-01-08', 'System', '2021-07-18 03:55:11', NULL, NULL, '2021-07-17 19:55:11', '2021-07-17 19:55:11'),
(41, '119', 4.00, '2021-01-15', 'System', '2021-07-18 03:55:11', NULL, NULL, '2021-07-17 19:55:11', '2021-07-17 19:55:11'),
(42, '119', 9.00, '2021-01-29', 'System', '2021-07-18 03:55:11', NULL, NULL, '2021-07-17 19:55:11', '2021-07-17 19:55:11'),
(43, '50', 0.90, '2021-01-05', 'System', '2021-07-18 03:55:11', NULL, NULL, '2021-07-17 19:55:11', '2021-07-17 19:55:11'),
(44, '56', 4.50, '2021-01-05', 'System', '2021-07-18 03:55:11', NULL, NULL, '2021-07-17 19:55:11', '2021-07-17 19:55:11'),
(45, '38', 0.50, '2021-01-18', 'System', '2021-07-18 03:55:11', NULL, NULL, '2021-07-17 19:55:11', '2021-07-17 19:55:11'),
(46, '79', 10.00, '2021-01-20', 'System', '2021-07-18 03:55:11', NULL, NULL, '2021-07-17 19:55:11', '2021-07-17 19:55:11'),
(47, '78', 8.40, '2021-01-21', 'System', '2021-07-18 03:55:11', NULL, NULL, '2021-07-17 19:55:11', '2021-07-17 19:55:11'),
(48, '47', 1.00, '2021-01-21', 'System', '2021-07-18 03:55:11', NULL, NULL, '2021-07-17 19:55:11', '2021-07-17 19:55:11'),
(49, '66', 14.20, '2021-01-25', 'System', '2021-07-18 03:55:11', NULL, NULL, '2021-07-17 19:55:11', '2021-07-17 19:55:11'),
(50, '48', 9.00, '2021-01-26', 'System', '2021-07-18 03:55:11', NULL, NULL, '2021-07-17 19:55:11', '2021-07-17 19:55:11'),
(51, '53', 5.30, '2021-01-27', 'System', '2021-07-18 03:55:11', NULL, NULL, '2021-07-17 19:55:11', '2021-07-17 19:55:11'),
(52, '33', 38.00, '2021-01-04', 'System', '2021-07-18 03:55:11', NULL, NULL, '2021-07-17 19:55:11', '2021-07-17 19:55:11'),
(53, '33', 5.00, '2021-01-05', 'System', '2021-07-18 03:55:11', NULL, NULL, '2021-07-17 19:55:11', '2021-07-17 19:55:11'),
(54, '33', 82.00, '2021-01-07', 'System', '2021-07-18 03:55:11', NULL, NULL, '2021-07-17 19:55:11', '2021-07-17 19:55:11'),
(55, '33', 18.00, '2021-01-08', 'System', '2021-07-18 03:55:11', NULL, NULL, '2021-07-17 19:55:11', '2021-07-17 19:55:11'),
(56, '33', 26.00, '2021-01-09', 'System', '2021-07-18 03:55:11', NULL, NULL, '2021-07-17 19:55:11', '2021-07-17 19:55:11'),
(57, '33', 17.00, '2021-01-11', 'System', '2021-07-18 03:55:11', NULL, NULL, '2021-07-17 19:55:11', '2021-07-17 19:55:11'),
(58, '33', 23.00, '2021-01-12', 'System', '2021-07-18 03:55:11', NULL, NULL, '2021-07-17 19:55:11', '2021-07-17 19:55:11'),
(59, '33', 21.00, '2021-01-13', 'System', '2021-07-18 03:55:11', NULL, NULL, '2021-07-17 19:55:11', '2021-07-17 19:55:11'),
(60, '33', 6.00, '2021-01-14', 'System', '2021-07-18 03:55:11', NULL, NULL, '2021-07-17 19:55:11', '2021-07-17 19:55:11'),
(61, '33', 6.00, '2021-01-15', 'System', '2021-07-18 03:55:11', NULL, NULL, '2021-07-17 19:55:11', '2021-07-17 19:55:11'),
(62, '33', 23.00, '2021-01-16', 'System', '2021-07-18 03:55:11', NULL, NULL, '2021-07-17 19:55:11', '2021-07-17 19:55:11'),
(63, '33', 1.00, '2021-01-18', 'System', '2021-07-18 03:55:11', NULL, NULL, '2021-07-17 19:55:11', '2021-07-17 19:55:11'),
(64, '33', 20.00, '2021-01-19', 'System', '2021-07-18 03:55:11', NULL, NULL, '2021-07-17 19:55:11', '2021-07-17 19:55:11'),
(65, '33', 14.00, '2021-01-20', 'System', '2021-07-18 03:55:11', NULL, NULL, '2021-07-17 19:55:11', '2021-07-17 19:55:11'),
(66, '33', 24.00, '2021-01-21', 'System', '2021-07-18 03:55:11', NULL, NULL, '2021-07-17 19:55:11', '2021-07-17 19:55:11'),
(67, '33', 35.00, '2021-01-22', 'System', '2021-07-18 03:55:11', NULL, NULL, '2021-07-17 19:55:11', '2021-07-17 19:55:11'),
(68, '33', 6.00, '2021-01-23', 'System', '2021-07-18 03:55:11', NULL, NULL, '2021-07-17 19:55:11', '2021-07-17 19:55:11'),
(69, '33', 24.00, '2021-01-25', 'System', '2021-07-18 03:55:11', NULL, NULL, '2021-07-17 19:55:11', '2021-07-17 19:55:11'),
(70, '33', 27.00, '2021-01-26', 'System', '2021-07-18 03:55:11', NULL, NULL, '2021-07-17 19:55:11', '2021-07-17 19:55:11'),
(71, '33', 22.00, '2021-01-27', 'System', '2021-07-18 03:55:11', NULL, NULL, '2021-07-17 19:55:11', '2021-07-17 19:55:11'),
(72, '33', 30.00, '2021-01-28', 'System', '2021-07-18 03:55:11', NULL, NULL, '2021-07-17 19:55:11', '2021-07-17 19:55:11'),
(73, '33', 18.00, '2021-01-29', 'System', '2021-07-18 03:55:11', NULL, NULL, '2021-07-17 19:55:11', '2021-07-17 19:55:11'),
(74, '33', 19.00, '2021-01-30', 'System', '2021-07-18 03:55:11', NULL, NULL, '2021-07-17 19:55:11', '2021-07-17 19:55:11'),
(75, '36', 0.00, '2021-01-30', 'System', '2021-07-18 03:55:11', NULL, NULL, '2021-07-17 19:55:11', '2021-07-17 19:55:11'),
(76, '89', 0.00, '2021-01-30', 'System', '2021-07-18 03:55:11', NULL, NULL, '2021-07-17 19:55:11', '2021-07-17 19:55:11'),
(77, '8', 18.00, '2021-02-26', 'System', '2021-07-18 03:55:11', NULL, NULL, '2021-07-17 19:55:11', '2021-07-17 19:55:11'),
(78, '10', 216.50, '2021-02-18', 'System', '2021-07-18 03:55:11', NULL, NULL, '2021-07-17 19:55:11', '2021-07-17 19:55:11'),
(79, '9', 104.00, '2021-02-26', 'System', '2021-07-18 03:55:11', NULL, NULL, '2021-07-17 19:55:11', '2021-07-17 19:55:11'),
(80, '13', 536.00, '2021-02-02', 'System', '2021-07-18 03:55:11', NULL, NULL, '2021-07-17 19:55:11', '2021-07-17 19:55:11'),
(81, '13', 206.00, '2021-02-19', 'System', '2021-07-18 03:55:11', NULL, NULL, '2021-07-17 19:55:11', '2021-07-17 19:55:11'),
(82, '132', 931.00, '2021-02-05', 'System', '2021-07-18 03:55:11', NULL, NULL, '2021-07-17 19:55:11', '2021-07-17 19:55:11'),
(83, '142', 162.00, '2021-02-18', 'System', '2021-07-18 03:55:11', NULL, NULL, '2021-07-17 19:55:11', '2021-07-17 19:55:11'),
(84, '132', 2218.00, '2021-02-19', 'System', '2021-07-18 03:55:11', NULL, NULL, '2021-07-17 19:55:11', '2021-07-17 19:55:11'),
(85, '142', 302.00, '2021-02-06', 'System', '2021-07-18 03:55:11', NULL, NULL, '2021-07-17 19:55:11', '2021-07-17 19:55:11'),
(86, '132', 1072.00, '2021-02-24', 'System', '2021-07-18 03:55:11', NULL, NULL, '2021-07-17 19:55:11', '2021-07-17 19:55:11'),
(87, '26', 169.00, '2021-02-06', 'System', '2021-07-18 03:55:11', NULL, NULL, '2021-07-17 19:55:11', '2021-07-17 19:55:11'),
(88, '14', 319.00, '2021-02-06', 'System', '2021-07-18 03:55:11', NULL, NULL, '2021-07-17 19:55:11', '2021-07-17 19:55:11'),
(89, '25', 75.00, '2021-02-15', 'System', '2021-07-18 03:55:11', NULL, NULL, '2021-07-17 19:55:11', '2021-07-17 19:55:11'),
(90, '134', 459.00, '2021-02-17', 'System', '2021-07-18 03:55:11', NULL, NULL, '2021-07-17 19:55:11', '2021-07-17 19:55:11'),
(91, '92', 21.00, '2021-02-01', 'System', '2021-07-18 03:55:11', NULL, NULL, '2021-07-17 19:55:11', '2021-07-17 19:55:11'),
(92, '90', 41.00, '2021-02-01', 'System', '2021-07-18 03:55:11', NULL, NULL, '2021-07-17 19:55:11', '2021-07-17 19:55:11'),
(93, '92', 56.00, '2021-02-05', 'System', '2021-07-18 03:55:11', NULL, NULL, '2021-07-17 19:55:11', '2021-07-17 19:55:11'),
(94, '90', 34.00, '2021-02-08', 'System', '2021-07-18 03:55:11', NULL, NULL, '2021-07-17 19:55:11', '2021-07-17 19:55:11'),
(95, '98', 12.00, '2021-02-08', 'System', '2021-07-18 03:55:11', NULL, NULL, '2021-07-17 19:55:11', '2021-07-17 19:55:11'),
(96, '92', 24.00, '2021-02-08', 'System', '2021-07-18 03:55:11', NULL, NULL, '2021-07-17 19:55:11', '2021-07-17 19:55:11'),
(97, '102', 1.00, '2021-02-08', 'System', '2021-07-18 03:55:11', NULL, NULL, '2021-07-17 19:55:11', '2021-07-17 19:55:11'),
(98, '92', 64.00, '2021-02-13', 'System', '2021-07-18 03:55:11', NULL, NULL, '2021-07-17 19:55:11', '2021-07-17 19:55:11'),
(99, '90', 43.00, '2021-02-15', 'System', '2021-07-18 03:55:11', NULL, NULL, '2021-07-17 19:55:11', '2021-07-17 19:55:11'),
(100, '92', 3.00, '2021-02-15', 'System', '2021-07-18 03:55:11', NULL, NULL, '2021-07-17 19:55:11', '2021-07-17 19:55:11'),
(101, '98', 12.00, '2021-02-15', 'System', '2021-07-18 03:55:11', NULL, NULL, '2021-07-17 19:55:11', '2021-07-17 19:55:11'),
(102, '89', 121.10, '2021-02-18', 'System', '2021-07-18 03:55:11', NULL, NULL, '2021-07-17 19:55:11', '2021-07-17 19:55:11'),
(103, '92', 51.00, '2021-02-19', 'System', '2021-07-18 03:55:11', NULL, NULL, '2021-07-17 19:55:11', '2021-07-17 19:55:11'),
(104, '100', 11.00, '2021-02-19', 'System', '2021-07-18 03:55:11', NULL, NULL, '2021-07-17 19:55:11', '2021-07-17 19:55:11'),
(105, '92', 28.00, '2021-02-22', 'System', '2021-07-18 03:55:11', NULL, NULL, '2021-07-17 19:55:11', '2021-07-17 19:55:11'),
(106, '98', 11.00, '2021-02-22', 'System', '2021-07-18 03:55:11', NULL, NULL, '2021-07-17 19:55:11', '2021-07-17 19:55:11'),
(107, '101', 3.00, '2021-02-22', 'System', '2021-07-18 03:55:11', NULL, NULL, '2021-07-17 19:55:11', '2021-07-17 19:55:11'),
(108, '90', 46.00, '2021-02-22', 'System', '2021-07-18 03:55:11', NULL, NULL, '2021-07-17 19:55:11', '2021-07-17 19:55:11'),
(109, '102', 0.60, '2021-02-22', 'System', '2021-07-18 03:55:11', NULL, NULL, '2021-07-17 19:55:11', '2021-07-17 19:55:11'),
(110, '92', 52.00, '2021-02-26', 'System', '2021-07-18 03:55:11', NULL, NULL, '2021-07-17 19:55:11', '2021-07-17 19:55:11'),
(111, '106', 1.80, '2021-02-13', 'System', '2021-07-18 03:55:11', NULL, NULL, '2021-07-17 19:55:11', '2021-07-17 19:55:11'),
(112, '115', 1.50, '2021-02-13', 'System', '2021-07-18 03:55:11', NULL, NULL, '2021-07-17 19:55:11', '2021-07-17 19:55:11'),
(113, '122', 2.50, '2021-02-05', 'System', '2021-07-18 03:55:11', NULL, NULL, '2021-07-17 19:55:11', '2021-07-17 19:55:11'),
(114, '119', 3.00, '2021-02-05', 'System', '2021-07-18 03:55:11', NULL, NULL, '2021-07-17 19:55:11', '2021-07-17 19:55:11'),
(115, '121', 5.00, '2021-02-05', 'System', '2021-07-18 03:55:11', NULL, NULL, '2021-07-17 19:55:11', '2021-07-17 19:55:11'),
(116, '119', 8.00, '2021-02-19', 'System', '2021-07-18 03:55:11', NULL, NULL, '2021-07-17 19:55:11', '2021-07-17 19:55:11'),
(117, '119', 7.00, '2021-02-26', 'System', '2021-07-18 03:55:11', NULL, NULL, '2021-07-17 19:55:11', '2021-07-17 19:55:11'),
(118, '38', 0.20, '2021-02-16', 'System', '2021-07-18 03:55:11', NULL, NULL, '2021-07-17 19:55:11', '2021-07-17 19:55:11'),
(119, '49', 0.30, '2021-02-22', 'System', '2021-07-18 03:55:11', NULL, NULL, '2021-07-17 19:55:11', '2021-07-17 19:55:11'),
(120, '48', 0.50, '2021-02-22', 'System', '2021-07-18 03:55:11', NULL, NULL, '2021-07-17 19:55:11', '2021-07-17 19:55:11'),
(121, '53', 1.80, '2021-02-22', 'System', '2021-07-18 03:55:11', NULL, NULL, '2021-07-17 19:55:11', '2021-07-17 19:55:11'),
(122, '61', 10.00, '2021-02-23', 'System', '2021-07-18 03:55:11', NULL, NULL, '2021-07-17 19:55:11', '2021-07-17 19:55:11'),
(123, '47', 0.50, '2021-02-23', 'System', '2021-07-18 03:55:11', NULL, NULL, '2021-07-17 19:55:11', '2021-07-17 19:55:11'),
(124, '33', 20.00, '2021-02-01', 'System', '2021-07-18 03:55:11', NULL, NULL, '2021-07-17 19:55:11', '2021-07-17 19:55:11'),
(125, '33', 16.00, '2021-02-02', 'System', '2021-07-18 03:55:11', NULL, NULL, '2021-07-17 19:55:11', '2021-07-17 19:55:11'),
(126, '33', 20.00, '2021-02-03', 'System', '2021-07-18 03:55:11', NULL, NULL, '2021-07-17 19:55:11', '2021-07-17 19:55:11'),
(127, '33', 4.00, '2021-02-05', 'System', '2021-07-18 03:55:11', NULL, NULL, '2021-07-17 19:55:11', '2021-07-17 19:55:11'),
(128, '33', 11.00, '2021-02-06', 'System', '2021-07-18 03:55:11', NULL, NULL, '2021-07-17 19:55:11', '2021-07-17 19:55:11'),
(129, '33', 21.00, '2021-02-08', 'System', '2021-07-18 03:55:11', NULL, NULL, '2021-07-17 19:55:11', '2021-07-17 19:55:11'),
(130, '33', 22.00, '2021-02-09', 'System', '2021-07-18 03:55:11', NULL, NULL, '2021-07-17 19:55:11', '2021-07-17 19:55:11'),
(131, '33', 20.00, '2021-02-10', 'System', '2021-07-18 03:55:11', NULL, NULL, '2021-07-17 19:55:11', '2021-07-17 19:55:11'),
(132, '33', 13.00, '2021-02-11', 'System', '2021-07-18 03:55:11', NULL, NULL, '2021-07-17 19:55:11', '2021-07-17 19:55:11'),
(133, '33', 21.00, '2021-02-12', 'System', '2021-07-18 03:55:11', NULL, NULL, '2021-07-17 19:55:11', '2021-07-17 19:55:11'),
(134, '33', 18.00, '2021-02-13', 'System', '2021-07-18 03:55:11', NULL, NULL, '2021-07-17 19:55:11', '2021-07-17 19:55:11'),
(135, '33', 26.00, '2021-02-14', 'System', '2021-07-18 03:55:11', NULL, NULL, '2021-07-17 19:55:11', '2021-07-17 19:55:11'),
(136, '33', 26.00, '2021-02-15', 'System', '2021-07-18 03:55:11', NULL, NULL, '2021-07-17 19:55:11', '2021-07-17 19:55:11'),
(137, '33', 26.00, '2021-02-16', 'System', '2021-07-18 03:55:11', NULL, NULL, '2021-07-17 19:55:11', '2021-07-17 19:55:11'),
(138, '33', 20.00, '2021-02-17', 'System', '2021-07-18 03:55:11', NULL, NULL, '2021-07-17 19:55:11', '2021-07-17 19:55:11'),
(139, '33', 41.00, '2021-02-18', 'System', '2021-07-18 03:55:11', NULL, NULL, '2021-07-17 19:55:11', '2021-07-17 19:55:11'),
(140, '33', 17.00, '2021-02-19', 'System', '2021-07-18 03:55:11', NULL, NULL, '2021-07-17 19:55:11', '2021-07-17 19:55:11'),
(141, '33', 18.00, '2021-02-20', 'System', '2021-07-18 03:55:11', NULL, NULL, '2021-07-17 19:55:11', '2021-07-17 19:55:11'),
(142, '33', 23.00, '2021-02-22', 'System', '2021-07-18 03:55:11', NULL, NULL, '2021-07-17 19:55:11', '2021-07-17 19:55:11'),
(143, '33', 25.00, '2021-02-23', 'System', '2021-07-18 03:55:11', NULL, NULL, '2021-07-17 19:55:11', '2021-07-17 19:55:11'),
(144, '33', 29.00, '2021-02-24', 'System', '2021-07-18 03:55:11', NULL, NULL, '2021-07-17 19:55:11', '2021-07-17 19:55:11'),
(145, '33', 43.00, '2021-02-26', 'System', '2021-07-18 03:55:11', NULL, NULL, '2021-07-17 19:55:11', '2021-07-17 19:55:11'),
(146, '33', 23.00, '2021-02-27', 'System', '2021-07-18 03:55:11', NULL, NULL, '2021-07-17 19:55:11', '2021-07-17 19:55:11'),
(147, '41', 0.50, '2021-02-26', 'System', '2021-07-18 03:55:11', NULL, NULL, '2021-07-17 19:55:11', '2021-07-17 19:55:11'),
(148, '36', 0.00, '2021-02-28', 'System', '2021-07-18 03:55:11', NULL, NULL, '2021-07-17 19:55:11', '2021-07-17 19:55:11'),
(149, '89', 0.00, '2021-02-28', 'System', '2021-07-18 03:55:11', NULL, NULL, '2021-07-17 19:55:11', '2021-07-17 19:55:11'),
(150, '5', 0.00, '2021-02-28', 'System', '2021-07-18 03:55:11', NULL, NULL, '2021-07-17 19:55:11', '2021-07-17 19:55:11'),
(151, '79', 2.00, '2021-03-08', 'System', '2021-07-18 03:55:11', NULL, NULL, '2021-07-17 19:55:11', '2021-07-17 19:55:11'),
(152, '78', 5.30, '2021-03-08', 'System', '2021-07-18 03:55:11', NULL, NULL, '2021-07-17 19:55:11', '2021-07-17 19:55:11'),
(153, '2', 66.00, '2021-03-04', 'System', '2021-07-18 03:55:11', NULL, NULL, '2021-07-17 19:55:11', '2021-07-17 19:55:11'),
(154, '132', 1126.00, '2021-03-04', 'System', '2021-07-18 03:55:11', NULL, NULL, '2021-07-17 19:55:11', '2021-07-17 19:55:11'),
(155, '132', 1490.00, '2021-03-10', 'System', '2021-07-18 03:55:11', NULL, NULL, '2021-07-17 19:55:11', '2021-07-17 19:55:11'),
(156, '133', 319.00, '2021-03-08', 'System', '2021-07-18 03:55:11', NULL, NULL, '2021-07-17 19:55:11', '2021-07-17 19:55:11'),
(157, '15', 120.00, '2021-03-01', 'System', '2021-07-18 03:55:11', NULL, NULL, '2021-07-17 19:55:11', '2021-07-17 19:55:11'),
(158, '14', 211.00, '2021-03-01', 'System', '2021-07-18 03:55:11', NULL, NULL, '2021-07-17 19:55:11', '2021-07-17 19:55:11'),
(159, '18', 147.00, '2021-03-02', 'System', '2021-07-18 03:55:11', NULL, NULL, '2021-07-17 19:55:11', '2021-07-17 19:55:11'),
(160, '142', 217.00, '2021-03-13', 'System', '2021-07-18 03:55:11', NULL, NULL, '2021-07-17 19:55:11', '2021-07-17 19:55:11'),
(161, '15', 74.00, '2021-03-17', 'System', '2021-07-18 03:55:11', NULL, NULL, '2021-07-17 19:55:11', '2021-07-17 19:55:11'),
(162, '14', 787.00, '2021-03-17', 'System', '2021-07-18 03:55:11', NULL, NULL, '2021-07-17 19:55:11', '2021-07-17 19:55:11'),
(163, '92', 30.00, '2021-03-01', 'System', '2021-07-18 03:55:11', NULL, NULL, '2021-07-17 19:55:11', '2021-07-17 19:55:11'),
(164, '98', 5.00, '2021-03-01', 'System', '2021-07-18 03:55:11', NULL, NULL, '2021-07-17 19:55:11', '2021-07-17 19:55:11'),
(165, '102', 0.20, '2021-03-02', 'System', '2021-07-18 03:55:11', NULL, NULL, '2021-07-17 19:55:11', '2021-07-17 19:55:11'),
(166, '90', 37.00, '2021-03-02', 'System', '2021-07-18 03:55:11', NULL, NULL, '2021-07-17 19:55:11', '2021-07-17 19:55:11'),
(167, '100', 8.00, '2021-03-04', 'System', '2021-07-18 03:55:11', NULL, NULL, '2021-07-17 19:55:11', '2021-07-17 19:55:11'),
(168, '103', 34.40, '2021-03-04', 'System', '2021-07-18 03:55:11', NULL, NULL, '2021-07-17 19:55:11', '2021-07-17 19:55:11'),
(169, '101', 2.00, '2021-03-05', 'System', '2021-07-18 03:55:11', NULL, NULL, '2021-07-17 19:55:11', '2021-07-17 19:55:11'),
(170, '92', 42.00, '2021-03-05', 'System', '2021-07-18 03:55:11', NULL, NULL, '2021-07-17 19:55:11', '2021-07-17 19:55:11'),
(171, '98', 34.00, '2021-03-08', 'System', '2021-07-18 03:55:11', NULL, NULL, '2021-07-17 19:55:11', '2021-07-17 19:55:11'),
(172, '92', 24.00, '2021-03-08', 'System', '2021-07-18 03:55:11', NULL, NULL, '2021-07-17 19:55:11', '2021-07-17 19:55:11'),
(173, '92', 42.00, '2021-03-13', 'System', '2021-07-18 03:55:11', NULL, NULL, '2021-07-17 19:55:11', '2021-07-17 19:55:11'),
(174, '97', 56.00, '2021-03-17', 'System', '2021-07-18 03:55:11', NULL, NULL, '2021-07-17 19:55:11', '2021-07-17 19:55:11'),
(175, '106', 5.10, '2021-03-05', 'System', '2021-07-18 03:55:11', NULL, NULL, '2021-07-17 19:55:11', '2021-07-17 19:55:11'),
(176, '119', 3.00, '2021-03-05', 'System', '2021-07-18 03:55:11', NULL, NULL, '2021-07-17 19:55:11', '2021-07-17 19:55:11'),
(177, '119', 9.00, '2021-03-13', 'System', '2021-07-18 03:55:11', NULL, NULL, '2021-07-17 19:55:11', '2021-07-17 19:55:11'),
(178, '10', 190.50, '2021-03-12', 'System', '2021-07-18 03:55:11', NULL, NULL, '2021-07-17 19:55:11', '2021-07-17 19:55:11'),
(179, '47', 1.50, '2021-03-23', 'System', '2021-07-18 03:55:11', NULL, NULL, '2021-07-17 19:55:11', '2021-07-17 19:55:11'),
(180, '61', 6.80, '2021-03-23', 'System', '2021-07-18 03:55:11', NULL, NULL, '2021-07-17 19:55:11', '2021-07-17 19:55:11'),
(181, '132', 1444.00, '2021-03-19', 'System', '2021-07-18 03:55:11', NULL, NULL, '2021-07-17 19:55:11', '2021-07-17 19:55:11'),
(182, '141', 69.00, '2021-03-20', 'System', '2021-07-18 03:55:11', NULL, NULL, '2021-07-17 19:55:11', '2021-07-17 19:55:11'),
(183, '26', 153.00, '2021-03-20', 'System', '2021-07-18 03:55:11', NULL, NULL, '2021-07-17 19:55:11', '2021-07-17 19:55:11'),
(184, '100', 6.20, '2021-03-18', 'System', '2021-07-18 03:55:11', NULL, NULL, '2021-07-17 19:55:11', '2021-07-17 19:55:11'),
(185, '92', 34.00, '2021-03-16', 'System', '2021-07-18 03:55:11', NULL, NULL, '2021-07-17 19:55:11', '2021-07-17 19:55:11'),
(186, '90', 70.00, '2021-03-20', 'System', '2021-07-18 03:55:11', NULL, NULL, '2021-07-17 19:55:11', '2021-07-17 19:55:11'),
(187, '98', 12.00, '2021-03-20', 'System', '2021-07-18 03:55:11', NULL, NULL, '2021-07-17 19:55:11', '2021-07-17 19:55:11'),
(188, '102', 0.80, '2021-03-20', 'System', '2021-07-18 03:55:11', NULL, NULL, '2021-07-17 19:55:11', '2021-07-17 19:55:11'),
(189, '101', 2.00, '2021-03-20', 'System', '2021-07-18 03:55:11', NULL, NULL, '2021-07-17 19:55:11', '2021-07-17 19:55:11'),
(190, '92', 56.00, '2021-03-22', 'System', '2021-07-18 03:55:11', NULL, NULL, '2021-07-17 19:55:11', '2021-07-17 19:55:11'),
(191, '98', 8.00, '2021-03-22', 'System', '2021-07-18 03:55:11', NULL, NULL, '2021-07-17 19:55:11', '2021-07-17 19:55:11'),
(192, '111', 6.00, '2021-03-20', 'System', '2021-07-18 03:55:11', NULL, NULL, '2021-07-17 19:55:11', '2021-07-17 19:55:11'),
(193, '33', 20.00, '2021-03-01', 'System', '2021-07-18 03:55:11', NULL, NULL, '2021-07-17 19:55:11', '2021-07-17 19:55:11'),
(194, '33', 25.00, '2021-03-02', 'System', '2021-07-18 03:55:11', NULL, NULL, '2021-07-17 19:55:11', '2021-07-17 19:55:11'),
(195, '33', 23.00, '2021-03-03', 'System', '2021-07-18 03:55:11', NULL, NULL, '2021-07-17 19:55:11', '2021-07-17 19:55:11'),
(196, '33', 26.00, '2021-03-04', 'System', '2021-07-18 03:55:11', NULL, NULL, '2021-07-17 19:55:11', '2021-07-17 19:55:11'),
(197, '33', 22.00, '2021-03-05', 'System', '2021-07-18 03:55:11', NULL, NULL, '2021-07-17 19:55:11', '2021-07-17 19:55:11'),
(198, '33', 11.00, '2021-03-06', 'System', '2021-07-18 03:55:11', NULL, NULL, '2021-07-17 19:55:11', '2021-07-17 19:55:11'),
(199, '33', 37.00, '2021-03-08', 'System', '2021-07-18 03:55:11', NULL, NULL, '2021-07-17 19:55:11', '2021-07-17 19:55:11'),
(200, '33', 25.20, '2021-03-09', 'System', '2021-07-18 03:55:11', NULL, NULL, '2021-07-17 19:55:11', '2021-07-17 19:55:11'),
(201, '33', 30.00, '2021-03-10', 'System', '2021-07-18 03:55:11', NULL, NULL, '2021-07-17 19:55:11', '2021-07-17 19:55:11'),
(202, '33', 25.00, '2021-03-11', 'System', '2021-07-18 03:55:11', NULL, NULL, '2021-07-17 19:55:11', '2021-07-17 19:55:11'),
(203, '33', 21.00, '2021-03-12', 'System', '2021-07-18 03:55:11', NULL, NULL, '2021-07-17 19:55:11', '2021-07-17 19:55:11'),
(204, '33', 18.00, '2021-03-13', 'System', '2021-07-18 03:55:11', NULL, NULL, '2021-07-17 19:55:11', '2021-07-17 19:55:11'),
(205, '33', 25.00, '2021-03-15', 'System', '2021-07-18 03:55:11', NULL, NULL, '2021-07-17 19:55:11', '2021-07-17 19:55:11'),
(206, '33', 17.00, '2021-03-16', 'System', '2021-07-18 03:55:11', NULL, NULL, '2021-07-17 19:55:11', '2021-07-17 19:55:11'),
(207, '33', 18.00, '2021-03-17', 'System', '2021-07-18 03:55:11', NULL, NULL, '2021-07-17 19:55:11', '2021-07-17 19:55:11'),
(208, '132', 1242.00, '2021-03-24', 'System', '2021-07-18 03:55:11', NULL, NULL, '2021-07-17 19:55:11', '2021-07-17 19:55:11'),
(209, '66', 6.00, '2021-03-24', 'System', '2021-07-18 03:55:11', NULL, NULL, '2021-07-17 19:55:11', '2021-07-17 19:55:11'),
(210, '10', 109.00, '2021-03-27', 'System', '2021-07-18 03:55:11', NULL, NULL, '2021-07-17 19:55:11', '2021-07-17 19:55:11'),
(211, '13', 185.00, '2021-03-27', 'System', '2021-07-18 03:55:11', NULL, NULL, '2021-07-17 19:55:11', '2021-07-17 19:55:11'),
(212, '92', 67.00, '2021-03-26', 'System', '2021-07-18 03:55:11', NULL, NULL, '2021-07-17 19:55:11', '2021-07-17 19:55:11'),
(213, '119', 7.00, '2021-03-26', 'System', '2021-07-18 03:55:11', NULL, NULL, '2021-07-17 19:55:11', '2021-07-17 19:55:11'),
(214, '36', 38.50, '2021-03-25', 'System', '2021-07-18 03:55:11', NULL, NULL, '2021-07-17 19:55:11', '2021-07-17 19:55:11'),
(215, '33', 23.00, '2021-03-18', 'System', '2021-07-18 03:55:11', NULL, NULL, '2021-07-17 19:55:11', '2021-07-17 19:55:11'),
(216, '33', 18.00, '2021-03-19', 'System', '2021-07-18 03:55:11', NULL, NULL, '2021-07-17 19:55:11', '2021-07-17 19:55:11'),
(217, '33', 22.00, '2021-03-20', 'System', '2021-07-18 03:55:11', NULL, NULL, '2021-07-17 19:55:11', '2021-07-17 19:55:11'),
(218, '33', 31.00, '2021-03-22', 'System', '2021-07-18 03:55:11', NULL, NULL, '2021-07-17 19:55:11', '2021-07-17 19:55:11'),
(219, '33', 13.00, '2021-03-23', 'System', '2021-07-18 03:55:11', NULL, NULL, '2021-07-17 19:55:11', '2021-07-17 19:55:11'),
(220, '33', 15.00, '2021-03-24', 'System', '2021-07-18 03:55:11', NULL, NULL, '2021-07-17 19:55:11', '2021-07-17 19:55:11'),
(221, '65', 0.40, '2021-03-30', 'System', '2021-07-18 03:55:11', NULL, NULL, '2021-07-17 19:55:11', '2021-07-17 19:55:11'),
(222, '14', 102.00, '2021-03-29', 'System', '2021-07-18 03:55:11', NULL, NULL, '2021-07-17 19:55:11', '2021-07-17 19:55:11'),
(223, '90', 78.00, '2021-03-29', 'System', '2021-07-18 03:55:11', NULL, NULL, '2021-07-17 19:55:11', '2021-07-17 19:55:11'),
(224, '92', 12.00, '2021-03-29', 'System', '2021-07-18 03:55:11', NULL, NULL, '2021-07-17 19:55:11', '2021-07-17 19:55:11'),
(225, '102', 4.10, '2021-03-29', 'System', '2021-07-18 03:55:11', NULL, NULL, '2021-07-17 19:55:11', '2021-07-17 19:55:11'),
(226, '33', 2.00, '2021-03-25', 'System', '2021-07-18 03:55:11', NULL, NULL, '2021-07-17 19:55:11', '2021-07-17 19:55:11'),
(227, '33', 2.00, '2021-03-26', 'System', '2021-07-18 03:55:11', NULL, NULL, '2021-07-17 19:55:11', '2021-07-17 19:55:11'),
(228, '33', 1.00, '2021-03-29', 'System', '2021-07-18 03:55:11', NULL, NULL, '2021-07-17 19:55:11', '2021-07-17 19:55:11'),
(229, '5', 0.00, '2021-03-29', 'System', '2021-07-18 03:55:11', NULL, NULL, '2021-07-17 19:55:11', '2021-07-17 19:55:11'),
(230, '89', 0.00, '2021-03-29', 'System', '2021-07-18 03:55:11', NULL, NULL, '2021-07-17 19:55:11', '2021-07-17 19:55:11'),
(231, '142', 326.00, '2021-04-01', 'System', '2021-07-18 03:55:11', NULL, NULL, '2021-07-17 19:55:11', '2021-07-17 19:55:11'),
(232, '9', 93.00, '2021-04-01', 'System', '2021-07-18 03:55:11', NULL, NULL, '2021-07-17 19:55:11', '2021-07-17 19:55:11'),
(233, '34', 160.00, '2021-04-01', 'System', '2021-07-18 03:55:11', NULL, NULL, '2021-07-17 19:55:11', '2021-07-17 19:55:11'),
(234, '134', 514.00, '2021-04-01', 'System', '2021-07-18 03:55:11', NULL, NULL, '2021-07-17 19:55:11', '2021-07-17 19:55:11'),
(235, '92', 54.00, '2021-04-03', 'System', '2021-07-18 03:55:11', NULL, NULL, '2021-07-17 19:55:11', '2021-07-17 19:55:11'),
(236, '92', 15.00, '2021-04-05', 'System', '2021-07-18 03:55:11', NULL, NULL, '2021-07-17 19:55:11', '2021-07-17 19:55:11'),
(237, '90', 58.00, '2021-04-05', 'System', '2021-07-18 03:55:11', NULL, NULL, '2021-07-17 19:55:11', '2021-07-17 19:55:11'),
(238, '98', 2.20, '2021-04-05', 'System', '2021-07-18 03:55:11', NULL, NULL, '2021-07-17 19:55:11', '2021-07-17 19:55:11'),
(239, '102', 0.90, '2021-04-05', 'System', '2021-07-18 03:55:11', NULL, NULL, '2021-07-17 19:55:11', '2021-07-17 19:55:11'),
(240, '99', 4.00, '2021-04-07', 'System', '2021-07-18 03:55:11', NULL, NULL, '2021-07-17 19:55:11', '2021-07-17 19:55:11'),
(241, '119', 7.00, '2021-04-03', 'System', '2021-07-18 03:55:11', NULL, NULL, '2021-07-17 19:55:11', '2021-07-17 19:55:11'),
(242, '33', 16.00, '2021-04-01', 'System', '2021-07-18 03:55:11', NULL, NULL, '2021-07-17 19:55:11', '2021-07-17 19:55:11'),
(243, '33', 21.00, '2021-04-03', 'System', '2021-07-18 03:55:11', NULL, NULL, '2021-07-17 19:55:11', '2021-07-17 19:55:11'),
(244, '33', 17.00, '2021-04-05', 'System', '2021-07-18 03:55:11', NULL, NULL, '2021-07-17 19:55:11', '2021-07-17 19:55:11'),
(245, '33', 14.00, '2021-04-06', 'System', '2021-07-18 03:55:11', NULL, NULL, '2021-07-17 19:55:11', '2021-07-17 19:55:11'),
(246, '132', 1274.00, '2021-04-03', 'System', '2021-07-18 03:55:11', NULL, NULL, '2021-07-17 19:55:11', '2021-07-17 19:55:11'),
(247, '132', 1343.00, '2021-04-10', 'System', '2021-07-18 03:55:11', NULL, NULL, '2021-07-17 19:55:11', '2021-07-17 19:55:11'),
(248, '14', 547.00, '2021-04-17', 'System', '2021-07-18 03:55:11', NULL, NULL, '2021-07-17 19:55:11', '2021-07-17 19:55:11'),
(249, '15', 40.00, '2021-04-17', 'System', '2021-07-18 03:55:11', NULL, NULL, '2021-07-17 19:55:11', '2021-07-17 19:55:11'),
(250, '100', 12.30, '2021-04-12', 'System', '2021-07-18 03:55:11', NULL, NULL, '2021-07-17 19:55:11', '2021-07-17 19:55:11'),
(251, '92', 52.00, '2021-04-09', 'System', '2021-07-18 03:55:11', NULL, NULL, '2021-07-17 19:55:11', '2021-07-17 19:55:11'),
(252, '101', 3.00, '2021-04-09', 'System', '2021-07-18 03:55:11', NULL, NULL, '2021-07-17 19:55:11', '2021-07-17 19:55:11'),
(253, '102', 2.50, '2021-04-13', 'System', '2021-07-18 03:55:11', NULL, NULL, '2021-07-17 19:55:11', '2021-07-17 19:55:11'),
(254, '97', 51.00, '2021-04-16', 'System', '2021-07-18 03:55:11', NULL, NULL, '2021-07-17 19:55:11', '2021-07-17 19:55:11'),
(255, '92', 64.00, '2021-04-16', 'System', '2021-07-18 03:55:11', NULL, NULL, '2021-07-17 19:55:11', '2021-07-17 19:55:11'),
(256, '90', 76.00, '2021-04-16', 'System', '2021-07-18 03:55:11', NULL, NULL, '2021-07-17 19:55:11', '2021-07-17 19:55:11'),
(257, '98', 35.00, '2021-04-19', 'System', '2021-07-18 03:55:11', NULL, NULL, '2021-07-17 19:55:11', '2021-07-17 19:55:11'),
(258, '102', 2.00, '2021-04-19', 'System', '2021-07-18 03:55:11', NULL, NULL, '2021-07-17 19:55:11', '2021-07-17 19:55:11'),
(259, '119', 4.00, '2021-04-09', 'System', '2021-07-18 03:55:11', NULL, NULL, '2021-07-17 19:55:11', '2021-07-17 19:55:11'),
(260, '121', 2.00, '2021-04-16', 'System', '2021-07-18 03:55:11', NULL, NULL, '2021-07-17 19:55:11', '2021-07-17 19:55:11'),
(261, '119', 3.00, '2021-04-16', 'System', '2021-07-18 03:55:11', NULL, NULL, '2021-07-17 19:55:11', '2021-07-17 19:55:11'),
(262, '61', 7.00, '2021-04-19', 'System', '2021-07-18 03:55:11', NULL, NULL, '2021-07-17 19:55:11', '2021-07-17 19:55:11'),
(263, '47', 1.30, '2021-04-20', 'System', '2021-07-18 03:55:11', NULL, NULL, '2021-07-17 19:55:11', '2021-07-17 19:55:11'),
(264, '92', 16.00, '2021-04-19', 'System', '2021-07-18 03:55:11', NULL, NULL, '2021-07-17 19:55:11', '2021-07-17 19:55:11'),
(265, '10', 233.00, '2021-04-20', 'System', '2021-07-18 03:55:11', NULL, NULL, '2021-07-17 19:55:11', '2021-07-17 19:55:11'),
(266, '3', 50.87, '2021-04-20', 'System', '2021-07-18 03:55:11', NULL, NULL, '2021-07-17 19:55:11', '2021-07-17 19:55:11'),
(267, '132', 1522.00, '2021-04-22', 'System', '2021-07-18 03:55:11', NULL, NULL, '2021-07-17 19:55:11', '2021-07-17 19:55:11'),
(268, '133', 257.00, '2021-04-24', 'System', '2021-07-18 03:55:11', NULL, NULL, '2021-07-17 19:55:11', '2021-07-17 19:55:11'),
(269, '132', 218.00, '2021-04-24', 'System', '2021-07-18 03:55:11', NULL, NULL, '2021-07-17 19:55:11', '2021-07-17 19:55:11'),
(270, '111', 2.00, '2021-04-23', 'System', '2021-07-18 03:55:11', NULL, NULL, '2021-07-17 19:55:11', '2021-07-17 19:55:11'),
(271, '101', 3.50, '2021-04-23', 'System', '2021-07-18 03:55:11', NULL, NULL, '2021-07-17 19:55:11', '2021-07-17 19:55:11'),
(272, '90', 51.00, '2021-04-23', 'System', '2021-07-18 03:55:11', NULL, NULL, '2021-07-17 19:55:11', '2021-07-17 19:55:11'),
(273, '92', 54.00, '2021-04-23', 'System', '2021-07-18 03:55:11', NULL, NULL, '2021-07-17 19:55:11', '2021-07-17 19:55:11'),
(274, '89', 183.00, '2021-04-21', 'System', '2021-07-18 03:55:11', NULL, NULL, '2021-07-17 19:55:11', '2021-07-17 19:55:11'),
(275, '33', 18.00, '2021-04-07', 'System', '2021-07-18 03:55:11', NULL, NULL, '2021-07-17 19:55:11', '2021-07-17 19:55:11'),
(276, '33', 19.00, '2021-04-08', 'System', '2021-07-18 03:55:11', NULL, NULL, '2021-07-17 19:55:11', '2021-07-17 19:55:11'),
(277, '33', 21.00, '2021-04-09', 'System', '2021-07-18 03:55:11', NULL, NULL, '2021-07-17 19:55:11', '2021-07-17 19:55:11'),
(278, '33', 24.00, '2021-04-10', 'System', '2021-07-18 03:55:11', NULL, NULL, '2021-07-17 19:55:11', '2021-07-17 19:55:11'),
(279, '33', 14.00, '2021-04-12', 'System', '2021-07-18 03:55:11', NULL, NULL, '2021-07-17 19:55:11', '2021-07-17 19:55:11'),
(280, '33', 20.00, '2021-04-13', 'System', '2021-07-18 03:55:11', NULL, NULL, '2021-07-17 19:55:11', '2021-07-17 19:55:11'),
(281, '33', 27.00, '2021-04-14', 'System', '2021-07-18 03:55:11', NULL, NULL, '2021-07-17 19:55:11', '2021-07-17 19:55:11'),
(282, '33', 7.00, '2021-04-15', 'System', '2021-07-18 03:55:11', NULL, NULL, '2021-07-17 19:55:11', '2021-07-17 19:55:11'),
(283, '33', 21.00, '2021-04-16', 'System', '2021-07-18 03:55:11', NULL, NULL, '2021-07-17 19:55:11', '2021-07-17 19:55:11'),
(284, '33', 19.00, '2021-04-17', 'System', '2021-07-18 03:55:11', NULL, NULL, '2021-07-17 19:55:11', '2021-07-17 19:55:11'),
(285, '33', 18.00, '2021-04-19', 'System', '2021-07-18 03:55:11', NULL, NULL, '2021-07-17 19:55:11', '2021-07-17 19:55:11'),
(286, '92', 24.00, '2021-04-26', 'System', '2021-07-18 03:55:11', NULL, NULL, '2021-07-17 19:55:11', '2021-07-17 19:55:11'),
(287, '98', 28.00, '2021-04-26', 'System', '2021-07-18 03:55:11', NULL, NULL, '2021-07-17 19:55:11', '2021-07-17 19:55:11'),
(288, '142', 300.00, '2021-04-26', 'System', '2021-07-18 03:55:11', NULL, NULL, '2021-07-17 19:55:11', '2021-07-17 19:55:11'),
(289, '136', 308.00, '2021-04-26', 'System', '2021-07-18 03:55:11', NULL, NULL, '2021-07-17 19:55:11', '2021-07-17 19:55:11'),
(290, '14', 48.00, '2021-04-26', 'System', '2021-07-18 03:55:11', NULL, NULL, '2021-07-17 19:55:11', '2021-07-17 19:55:11'),
(291, '15', 25.00, '2021-04-26', 'System', '2021-07-18 03:55:11', NULL, NULL, '2021-07-17 19:55:11', '2021-07-17 19:55:11'),
(292, '10', 94.00, '2021-04-27', 'System', '2021-07-18 03:55:11', NULL, NULL, '2021-07-17 19:55:11', '2021-07-17 19:55:11'),
(293, '37', 22.00, '2021-04-27', 'System', '2021-07-18 03:55:11', NULL, NULL, '2021-07-17 19:55:11', '2021-07-17 19:55:11'),
(294, '104', 1.70, '2021-04-27', 'System', '2021-07-18 03:55:11', NULL, NULL, '2021-07-17 19:55:11', '2021-07-17 19:55:11'),
(295, '102', 1.90, '2021-04-27', 'System', '2021-07-18 03:55:11', NULL, NULL, '2021-07-17 19:55:11', '2021-07-17 19:55:11'),
(296, '62', 2.40, '2021-04-27', 'System', '2021-07-18 03:55:11', NULL, NULL, '2021-07-17 19:55:11', '2021-07-17 19:55:11'),
(297, '33', 22.00, '2021-04-20', 'System', '2021-07-18 03:55:11', NULL, NULL, '2021-07-17 19:55:11', '2021-07-17 19:55:11'),
(298, '33', 19.00, '2021-04-22', 'System', '2021-07-18 03:55:11', NULL, NULL, '2021-07-17 19:55:11', '2021-07-17 19:55:11'),
(299, '33', 32.00, '2021-04-23', 'System', '2021-07-18 03:55:11', NULL, NULL, '2021-07-17 19:55:11', '2021-07-17 19:55:11'),
(300, '33', 21.00, '2021-04-26', 'System', '2021-07-18 03:55:11', NULL, NULL, '2021-07-17 19:55:11', '2021-07-17 19:55:11'),
(301, '33', 20.00, '2021-04-27', 'System', '2021-07-18 03:55:11', NULL, NULL, '2021-07-17 19:55:11', '2021-07-17 19:55:11'),
(302, '33', 28.00, '2021-04-29', 'System', '2021-07-18 03:55:11', NULL, NULL, '2021-07-17 19:55:11', '2021-07-17 19:55:11'),
(303, '33', 27.00, '2021-04-30', 'System', '2021-07-18 03:55:11', NULL, NULL, '2021-07-17 19:55:11', '2021-07-17 19:55:11'),
(304, '132', 1213.00, '2021-04-30', 'System', '2021-07-18 03:55:11', NULL, NULL, '2021-07-17 19:55:11', '2021-07-17 19:55:11'),
(305, '18', 77.00, '2021-04-30', 'System', '2021-07-18 03:55:11', NULL, NULL, '2021-07-17 19:55:11', '2021-07-17 19:55:11'),
(306, '36', 0.00, '2021-04-27', 'System', '2021-07-18 03:55:11', NULL, NULL, '2021-07-17 19:55:11', '2021-07-17 19:55:11'),
(307, '100', 10.00, '2021-04-29', 'System', '2021-07-18 03:55:11', NULL, NULL, '2021-07-17 19:55:11', '2021-07-17 19:55:11'),
(308, '92', 56.00, '2021-04-30', 'System', '2021-07-18 03:55:11', NULL, NULL, '2021-07-17 19:55:11', '2021-07-17 19:55:11'),
(309, '90', 46.00, '2021-04-30', 'System', '2021-07-18 03:55:11', NULL, NULL, '2021-07-17 19:55:11', '2021-07-17 19:55:11'),
(310, '119', 17.00, '2021-04-30', 'System', '2021-07-18 03:55:11', NULL, NULL, '2021-07-17 19:55:11', '2021-07-17 19:55:11'),
(311, '13', 0.00, '2021-04-30', 'System', '2021-07-18 03:55:11', NULL, NULL, '2021-07-17 19:55:11', '2021-07-17 19:55:11'),
(312, '87', 0.30, '2021-04-30', 'System', '2021-07-18 03:55:11', NULL, NULL, '2021-07-17 19:55:11', '2021-07-17 19:55:11'),
(313, '98', 14.00, '2021-05-03', 'System', '2021-07-18 03:55:11', NULL, NULL, '2021-07-17 19:55:11', '2021-07-17 19:55:11'),
(314, '92', 32.00, '2021-05-03', 'System', '2021-07-18 03:55:11', NULL, NULL, '2021-07-17 19:55:11', '2021-07-17 19:55:11'),
(315, '90', 29.00, '2021-05-03', 'System', '2021-07-18 03:55:11', NULL, NULL, '2021-07-17 19:55:11', '2021-07-17 19:55:11'),
(316, '102', 2.80, '2021-05-03', 'System', '2021-07-18 03:55:11', NULL, NULL, '2021-07-17 19:55:11', '2021-07-17 19:55:11'),
(317, '134', 496.00, '2021-05-04', 'System', '2021-07-18 03:55:11', NULL, NULL, '2021-07-17 19:55:11', '2021-07-17 19:55:11'),
(318, '132', 887.00, '2021-05-06', 'System', '2021-07-18 03:55:11', NULL, NULL, '2021-07-17 19:55:11', '2021-07-17 19:55:11'),
(319, '119', 5.00, '2021-05-07', 'System', '2021-07-18 03:55:11', NULL, NULL, '2021-07-17 19:55:11', '2021-07-17 19:55:11'),
(320, '144', 57.00, '2021-05-07', 'System', '2021-07-18 03:55:11', NULL, NULL, '2021-07-17 19:55:11', '2021-07-17 19:55:11'),
(321, '98', 22.00, '2021-05-07', 'System', '2021-07-18 03:55:11', NULL, NULL, '2021-07-17 19:55:11', '2021-07-17 19:55:11'),
(322, '101', 2.00, '2021-05-07', 'System', '2021-07-18 03:55:11', NULL, NULL, '2021-07-17 19:55:11', '2021-07-17 19:55:11'),
(323, '92', 52.00, '2021-05-07', 'System', '2021-07-18 03:55:11', NULL, NULL, '2021-07-17 19:55:11', '2021-07-17 19:55:11'),
(324, '92', 36.00, '2021-05-12', 'System', '2021-07-18 03:55:11', NULL, NULL, '2021-07-17 19:55:11', '2021-07-17 19:55:11'),
(325, '90', 56.90, '2021-05-12', 'System', '2021-07-18 03:55:11', NULL, NULL, '2021-07-17 19:55:11', '2021-07-17 19:55:11'),
(326, '104', 1.00, '2021-05-12', 'System', '2021-07-18 03:55:11', NULL, NULL, '2021-07-17 19:55:11', '2021-07-17 19:55:11'),
(327, '98', 11.00, '2021-05-12', 'System', '2021-07-18 03:55:11', NULL, NULL, '2021-07-17 19:55:11', '2021-07-17 19:55:11'),
(328, '102', 3.00, '2021-05-12', 'System', '2021-07-18 03:55:11', NULL, NULL, '2021-07-17 19:55:11', '2021-07-17 19:55:11'),
(329, '92', 32.00, '2021-05-15', 'System', '2021-07-18 03:55:11', NULL, NULL, '2021-07-17 19:55:11', '2021-07-17 19:55:11'),
(330, '31', 110.00, '2021-05-15', 'System', '2021-07-18 03:55:11', NULL, NULL, '2021-07-17 19:55:11', '2021-07-17 19:55:11'),
(331, '30', 69.00, '2021-05-15', 'System', '2021-07-18 03:55:11', NULL, NULL, '2021-07-17 19:55:11', '2021-07-17 19:55:11'),
(332, '26', 114.00, '2021-05-15', 'System', '2021-07-18 03:55:11', NULL, NULL, '2021-07-17 19:55:11', '2021-07-17 19:55:11'),
(333, '8', 10.00, '2021-05-15', 'System', '2021-07-18 03:55:11', NULL, NULL, '2021-07-17 19:55:11', '2021-07-17 19:55:11'),
(334, '119', 4.00, '2021-05-15', 'System', '2021-07-18 03:55:11', NULL, NULL, '2021-07-17 19:55:11', '2021-07-17 19:55:11'),
(335, '38', 3.20, '2021-05-17', 'System', '2021-07-18 03:55:11', NULL, NULL, '2021-07-17 19:55:11', '2021-07-17 19:55:11'),
(336, '39', 2.60, '2021-05-17', 'System', '2021-07-18 03:55:11', NULL, NULL, '2021-07-17 19:55:11', '2021-07-17 19:55:11'),
(337, '44', 3.60, '2021-05-17', 'System', '2021-07-18 03:55:11', NULL, NULL, '2021-07-17 19:55:11', '2021-07-17 19:55:11'),
(338, '78', 8.00, '2021-05-10', 'System', '2021-07-18 03:55:11', NULL, NULL, '2021-07-17 19:55:11', '2021-07-17 19:55:11'),
(339, '79', 5.00, '2021-05-10', 'System', '2021-07-18 03:55:11', NULL, NULL, '2021-07-17 19:55:11', '2021-07-17 19:55:11'),
(340, '82', 1.30, '2021-05-10', 'System', '2021-07-18 03:55:11', NULL, NULL, '2021-07-17 19:55:11', '2021-07-17 19:55:11'),
(341, '61', 6.00, '2021-05-18', 'System', '2021-07-18 03:55:11', NULL, NULL, '2021-07-17 19:55:11', '2021-07-17 19:55:11'),
(342, '92', 42.00, '2021-05-19', 'System', '2021-07-18 03:55:11', NULL, NULL, '2021-07-17 19:55:11', '2021-07-17 19:55:11'),
(343, '98', 10.00, '2021-05-19', 'System', '2021-07-18 03:55:11', NULL, NULL, '2021-07-17 19:55:11', '2021-07-17 19:55:11'),
(344, '145', 2.00, '2021-05-19', 'System', '2021-07-18 03:55:11', NULL, NULL, '2021-07-17 19:55:11', '2021-07-17 19:55:11'),
(345, '102', 1.80, '2021-05-19', 'System', '2021-07-18 03:55:11', NULL, NULL, '2021-07-17 19:55:11', '2021-07-17 19:55:11'),
(346, '86', 2.20, '2021-05-19', 'System', '2021-07-18 03:55:11', NULL, NULL, '2021-07-17 19:55:11', '2021-07-17 19:55:11'),
(347, '53', 4.60, '2021-05-21', 'System', '2021-07-18 03:55:11', NULL, NULL, '2021-07-17 19:55:11', '2021-07-17 19:55:11'),
(348, '48', 4.80, '2021-05-24', 'System', '2021-07-18 03:55:11', NULL, NULL, '2021-07-17 19:55:11', '2021-07-17 19:55:11'),
(349, '66', 4.00, '2021-05-24', 'System', '2021-07-18 03:55:11', NULL, NULL, '2021-07-17 19:55:11', '2021-07-17 19:55:11'),
(350, '133', 415.00, '2021-05-20', 'System', '2021-07-18 03:55:11', NULL, NULL, '2021-07-17 19:55:11', '2021-07-17 19:55:11'),
(351, '100', 14.00, '2021-05-20', 'System', '2021-07-18 03:55:11', NULL, NULL, '2021-07-17 19:55:11', '2021-07-17 19:55:11'),
(352, '146', 2.00, '2021-05-20', 'System', '2021-07-18 03:55:11', NULL, NULL, '2021-07-17 19:55:11', '2021-07-17 19:55:11'),
(353, '92', 27.00, '2021-05-21', 'System', '2021-07-18 03:55:11', NULL, NULL, '2021-07-17 19:55:11', '2021-07-17 19:55:11'),
(354, '97', 12.00, '2021-05-21', 'System', '2021-07-18 03:55:11', NULL, NULL, '2021-07-17 19:55:11', '2021-07-17 19:55:11'),
(355, '119', 3.00, '2021-05-21', 'System', '2021-07-18 03:55:11', NULL, NULL, '2021-07-17 19:55:11', '2021-07-17 19:55:11'),
(356, '106', 4.00, '2021-05-21', 'System', '2021-07-18 03:55:11', NULL, NULL, '2021-07-17 19:55:11', '2021-07-17 19:55:11'),
(357, '92', 31.00, '2021-05-24', 'System', '2021-07-18 03:55:11', NULL, NULL, '2021-07-17 19:55:11', '2021-07-17 19:55:11'),
(358, '98', 13.00, '2021-05-24', 'System', '2021-07-18 03:55:11', NULL, NULL, '2021-07-17 19:55:11', '2021-07-17 19:55:11'),
(359, '90', 90.00, '2021-05-24', 'System', '2021-07-18 03:55:11', NULL, NULL, '2021-07-17 19:55:11', '2021-07-17 19:55:11'),
(360, '102', 1.40, '2021-05-24', 'System', '2021-07-18 03:55:11', NULL, NULL, '2021-07-17 19:55:11', '2021-07-17 19:55:11'),
(361, '14', 457.00, '2021-05-27', 'System', '2021-07-18 03:55:11', NULL, NULL, '2021-07-17 19:55:11', '2021-07-17 19:55:11'),
(362, '104', 1.50, '2021-05-27', 'System', '2021-07-18 03:55:11', NULL, NULL, '2021-07-17 19:55:11', '2021-07-17 19:55:11'),
(363, '92', 39.00, '2021-05-28', 'System', '2021-07-18 03:55:11', NULL, NULL, '2021-07-17 19:55:11', '2021-07-17 19:55:11'),
(364, '97', 37.00, '2021-05-28', 'System', '2021-07-18 03:55:11', NULL, NULL, '2021-07-17 19:55:11', '2021-07-17 19:55:11'),
(365, '4', 23.00, '2021-05-28', 'System', '2021-07-18 03:55:11', NULL, NULL, '2021-07-17 19:55:11', '2021-07-17 19:55:11'),
(366, '5', 60.00, '2021-05-28', 'System', '2021-07-18 03:55:11', NULL, NULL, '2021-07-17 19:55:11', '2021-07-17 19:55:11'),
(367, '119', 8.00, '2021-05-28', 'System', '2021-07-18 03:55:11', NULL, NULL, '2021-07-17 19:55:11', '2021-07-17 19:55:11'),
(368, '36', 0.00, '2021-05-31', 'System', '2021-07-18 03:55:11', NULL, NULL, '2021-07-17 19:55:11', '2021-07-17 19:55:11'),
(369, '89', 0.00, '2021-05-31', 'System', '2021-07-18 03:55:11', NULL, NULL, '2021-07-17 19:55:11', '2021-07-17 19:55:11'),
(370, '13', 0.00, '2021-05-31', 'System', '2021-07-18 03:55:11', NULL, NULL, '2021-07-17 19:55:11', '2021-07-17 19:55:11'),
(371, '10', 0.00, '2021-05-31', 'System', '2021-07-18 03:55:11', NULL, NULL, '2021-07-17 19:55:11', '2021-07-17 19:55:11'),
(372, '98', 10.00, '2021-05-31', 'System', '2021-07-18 03:55:11', NULL, NULL, '2021-07-17 19:55:11', '2021-07-17 19:55:11'),
(373, '92', 32.00, '2021-05-31', 'System', '2021-07-18 03:55:11', NULL, NULL, '2021-07-17 19:55:11', '2021-07-17 19:55:11'),
(374, '102', 0.80, '2021-05-31', 'System', '2021-07-18 03:55:11', NULL, NULL, '2021-07-17 19:55:11', '2021-07-17 19:55:11'),
(375, '90', 47.00, '2021-05-31', 'System', '2021-07-18 03:55:11', NULL, NULL, '2021-07-17 19:55:11', '2021-07-17 19:55:11'),
(376, '33', 13.00, '2021-05-01', 'System', '2021-07-18 03:55:11', NULL, NULL, '2021-07-17 19:55:11', '2021-07-17 19:55:11'),
(377, '33', 26.00, '2021-05-03', 'System', '2021-07-18 03:55:11', NULL, NULL, '2021-07-17 19:55:11', '2021-07-17 19:55:11'),
(378, '33', 24.00, '2021-05-04', 'System', '2021-07-18 03:55:11', NULL, NULL, '2021-07-17 19:55:11', '2021-07-17 19:55:11'),
(379, '33', 22.00, '2021-05-05', 'System', '2021-07-18 03:55:11', NULL, NULL, '2021-07-17 19:55:11', '2021-07-17 19:55:11'),
(380, '33', 16.00, '2021-05-06', 'System', '2021-07-18 03:55:11', NULL, NULL, '2021-07-17 19:55:11', '2021-07-17 19:55:11'),
(381, '33', 18.00, '2021-05-07', 'System', '2021-07-18 03:55:11', NULL, NULL, '2021-07-17 19:55:11', '2021-07-17 19:55:11'),
(382, '33', 19.00, '2021-05-10', 'System', '2021-07-18 03:55:11', NULL, NULL, '2021-07-17 19:55:11', '2021-07-17 19:55:11'),
(383, '33', 16.00, '2021-05-11', 'System', '2021-07-18 03:55:11', NULL, NULL, '2021-07-17 19:55:11', '2021-07-17 19:55:11'),
(384, '33', 86.00, '2021-05-12', 'System', '2021-07-18 03:55:11', NULL, NULL, '2021-07-17 19:55:11', '2021-07-17 19:55:11'),
(385, '33', 13.00, '2021-05-13', 'System', '2021-07-18 03:55:11', NULL, NULL, '2021-07-17 19:55:11', '2021-07-17 19:55:11'),
(386, '33', 15.00, '2021-05-19', 'System', '2021-07-18 03:55:11', NULL, NULL, '2021-07-17 19:55:11', '2021-07-17 19:55:11'),
(387, '33', 26.00, '2021-05-21', 'System', '2021-07-18 03:55:11', NULL, NULL, '2021-07-17 19:55:11', '2021-07-17 19:55:11'),
(388, '33', 16.00, '2021-05-22', 'System', '2021-07-18 03:55:11', NULL, NULL, '2021-07-17 19:55:11', '2021-07-17 19:55:11'),
(389, '33', 24.00, '2021-05-24', 'System', '2021-07-18 03:55:11', NULL, NULL, '2021-07-17 19:55:11', '2021-07-17 19:55:11'),
(390, '33', 18.00, '2021-05-25', 'System', '2021-07-18 03:55:11', NULL, NULL, '2021-07-17 19:55:11', '2021-07-17 19:55:11'),
(391, '33', 16.00, '2021-05-26', 'System', '2021-07-18 03:55:11', NULL, NULL, '2021-07-17 19:55:11', '2021-07-17 19:55:11'),
(392, '33', 18.00, '2021-05-27', 'System', '2021-07-18 03:55:11', NULL, NULL, '2021-07-17 19:55:11', '2021-07-17 19:55:11'),
(393, '33', 22.00, '2021-05-28', 'System', '2021-07-18 03:55:11', NULL, NULL, '2021-07-17 19:55:11', '2021-07-17 19:55:11'),
(394, '33', 16.00, '2021-05-29', 'System', '2021-07-18 03:55:11', NULL, NULL, '2021-07-17 19:55:11', '2021-07-17 19:55:11'),
(395, '33', 20.00, '2021-05-31', 'System', '2021-07-18 03:55:11', NULL, NULL, '2021-07-17 19:55:11', '2021-07-17 19:55:11'),
(396, '83', 2.00, '2021-05-28', 'System', '2021-07-18 03:55:11', NULL, NULL, '2021-07-17 19:55:11', '2021-07-17 19:55:11'),
(397, '87', 1.00, '2021-05-31', 'System', '2021-07-18 03:55:11', NULL, NULL, '2021-07-17 19:55:11', '2021-07-17 19:55:11'),
(398, '25', 77.00, '2021-06-01', 'System', '2021-07-18 03:55:11', NULL, NULL, '2021-07-17 19:55:11', '2021-07-17 19:55:11'),
(399, '9', 135.00, '2021-06-01', 'System', '2021-07-18 03:55:11', NULL, NULL, '2021-07-17 19:55:11', '2021-07-17 19:55:11'),
(400, '99', 1.00, '2021-06-03', 'System', '2021-07-18 03:55:11', NULL, NULL, '2021-07-17 19:55:11', '2021-07-17 19:55:11'),
(401, '10', 455.00, '2021-06-03', 'System', '2021-07-18 03:55:11', NULL, NULL, '2021-07-17 19:55:11', '2021-07-17 19:55:11'),
(402, '134', 452.00, '2021-06-04', 'System', '2021-07-18 03:55:11', NULL, NULL, '2021-07-17 19:55:11', '2021-07-17 19:55:11'),
(403, '92', 46.00, '2021-06-04', 'System', '2021-07-18 03:55:11', NULL, NULL, '2021-07-17 19:55:11', '2021-07-17 19:55:11'),
(404, '101', 4.50, '2021-06-04', 'System', '2021-07-18 03:55:11', NULL, NULL, '2021-07-17 19:55:11', '2021-07-17 19:55:11'),
(405, '141', 27.00, '2021-06-04', 'System', '2021-07-18 03:55:11', NULL, NULL, '2021-07-17 19:55:11', '2021-07-17 19:55:11');
INSERT INTO `collections` (`id`, `id_participant`, `quantity`, `collect_date`, `created_by`, `created_datetime`, `last_modified_by`, `last_modified_datetime`, `created_at`, `updated_at`) VALUES
(406, '119', 6.00, '2021-06-04', 'System', '2021-07-18 03:55:11', NULL, NULL, '2021-07-17 19:55:11', '2021-07-17 19:55:11'),
(407, '132', 1300.00, '2021-06-05', 'System', '2021-07-18 03:55:11', NULL, NULL, '2021-07-17 19:55:11', '2021-07-17 19:55:11'),
(408, '50', 5.30, '2021-06-07', 'System', '2021-07-18 03:55:11', NULL, NULL, '2021-07-17 19:55:11', '2021-07-17 19:55:11'),
(409, '98', 18.00, '2021-06-07', 'System', '2021-07-18 03:55:11', NULL, NULL, '2021-07-17 19:55:11', '2021-07-17 19:55:11'),
(410, '92', 32.00, '2021-06-07', 'System', '2021-07-18 03:55:11', NULL, NULL, '2021-07-17 19:55:11', '2021-07-17 19:55:11'),
(411, '102', 1.10, '2021-06-07', 'System', '2021-07-18 03:55:11', NULL, NULL, '2021-07-17 19:55:11', '2021-07-17 19:55:11'),
(412, '90', 71.00, '2021-06-07', 'System', '2021-07-18 03:55:11', NULL, NULL, '2021-07-17 19:55:11', '2021-07-17 19:55:11'),
(413, '142', 502.00, '2021-06-08', 'System', '2021-07-18 03:55:11', NULL, NULL, '2021-07-17 19:55:11', '2021-07-17 19:55:11'),
(414, '100', 10.00, '2021-06-08', 'System', '2021-07-18 03:55:11', NULL, NULL, '2021-07-17 19:55:11', '2021-07-17 19:55:11'),
(415, '61', 3.40, '2021-06-14', 'System', '2021-07-18 03:55:11', NULL, NULL, '2021-07-17 19:55:11', '2021-07-17 19:55:11'),
(416, '66', 3.10, '2021-06-14', 'System', '2021-07-18 03:55:11', NULL, NULL, '2021-07-17 19:55:11', '2021-07-17 19:55:11'),
(417, '102', 1.20, '2021-06-09', 'System', '2021-07-18 03:55:11', NULL, NULL, '2021-07-17 19:55:11', '2021-07-17 19:55:11'),
(418, '150', 1.75, '2021-06-11', 'System', '2021-07-18 03:55:11', NULL, NULL, '2021-07-17 19:55:11', '2021-07-17 19:55:11'),
(419, '92', 54.00, '2021-06-11', 'System', '2021-07-18 03:55:11', NULL, NULL, '2021-07-17 19:55:11', '2021-07-17 19:55:11'),
(420, '14', 219.00, '2021-06-11', 'System', '2021-07-18 03:55:11', NULL, NULL, '2021-07-17 19:55:11', '2021-07-17 19:55:11'),
(421, '119', 8.00, '2021-06-11', 'System', '2021-07-18 03:55:11', NULL, NULL, '2021-07-17 19:55:11', '2021-07-17 19:55:11'),
(422, '132', 1250.00, '2021-06-12', 'System', '2021-07-18 03:55:11', NULL, NULL, '2021-07-17 19:55:11', '2021-07-17 19:55:11'),
(423, '149', 30.00, '2021-06-14', 'System', '2021-07-18 03:55:11', NULL, NULL, '2021-07-17 19:55:11', '2021-07-17 19:55:11'),
(424, '8', 0.00, '2021-06-14', 'System', '2021-07-18 03:55:12', NULL, NULL, '2021-07-17 19:55:12', '2021-07-17 19:55:12'),
(425, '106', 0.00, '2021-06-14', 'System', '2021-07-18 03:55:12', NULL, NULL, '2021-07-17 19:55:12', '2021-07-17 19:55:12'),
(426, '62', 1.00, '2021-06-15', 'System', '2021-07-18 03:55:12', NULL, NULL, '2021-07-17 19:55:12', '2021-07-17 19:55:12'),
(427, '47', 2.60, '2022-06-15', 'System', '2021-07-18 03:55:12', NULL, NULL, '2021-07-17 19:55:12', '2021-07-17 19:55:12'),
(428, '66', 3.10, '2021-06-14', 'System', '2021-07-18 03:55:12', NULL, NULL, '2021-07-17 19:55:12', '2021-07-17 19:55:12'),
(429, '39', 1.20, '2021-06-17', 'System', '2021-07-18 03:55:12', NULL, NULL, '2021-07-17 19:55:12', '2021-07-17 19:55:12'),
(430, '92', 12.00, '2021-06-14', 'System', '2021-07-18 03:55:12', NULL, NULL, '2021-07-17 19:55:12', '2021-07-17 19:55:12'),
(431, '98', 12.00, '2021-06-14', 'System', '2021-07-18 03:55:12', NULL, NULL, '2021-07-17 19:55:12', '2021-07-17 19:55:12'),
(432, '102', 1.10, '2021-06-14', 'System', '2021-07-18 03:55:12', NULL, NULL, '2021-07-17 19:55:12', '2021-07-17 19:55:12'),
(433, '89', 284.10, '2021-06-16', 'System', '2021-07-18 03:55:12', NULL, NULL, '2021-07-17 19:55:12', '2021-07-17 19:55:12'),
(434, '102', 2.40, '2021-06-16', 'System', '2021-07-18 03:55:12', NULL, NULL, '2021-07-17 19:55:12', '2021-07-17 19:55:12'),
(435, '148', 6.00, '2021-06-17', 'System', '2021-07-18 03:55:12', NULL, NULL, '2021-07-17 19:55:12', '2021-07-17 19:55:12'),
(436, '10', 188.00, '2021-06-17', 'System', '2021-07-18 03:55:12', NULL, NULL, '2021-07-17 19:55:12', '2021-07-17 19:55:12'),
(437, '37', 44.00, '2021-06-17', 'System', '2021-07-18 03:55:12', NULL, NULL, '2021-07-17 19:55:12', '2021-07-17 19:55:12'),
(438, '13', 495.00, '2021-06-17', 'System', '2021-07-18 03:55:12', NULL, NULL, '2021-07-17 19:55:12', '2021-07-17 19:55:12'),
(439, '92', 32.00, '2021-06-18', 'System', '2021-07-18 03:55:12', NULL, NULL, '2021-07-17 19:55:12', '2021-07-17 19:55:12'),
(440, '119', 11.00, '2021-06-18', 'System', '2021-07-18 03:55:12', NULL, NULL, '2021-07-17 19:55:12', '2021-07-17 19:55:12'),
(441, '90', 107.00, '2021-06-18', 'System', '2021-07-18 03:55:12', NULL, NULL, '2021-07-17 19:55:12', '2021-07-17 19:55:12'),
(442, '132', 491.00, '2021-06-19', 'System', '2021-07-18 03:55:12', NULL, NULL, '2021-07-17 19:55:12', '2021-07-17 19:55:12'),
(443, '33', 21.00, '2021-06-01', 'System', '2021-07-18 03:55:12', NULL, NULL, '2021-07-17 19:55:12', '2021-07-17 19:55:12'),
(444, '33', 18.00, '2021-06-02', 'System', '2021-07-18 03:55:12', NULL, NULL, '2021-07-17 19:55:12', '2021-07-17 19:55:12'),
(445, '33', 24.00, '2021-06-03', 'System', '2021-07-18 03:55:12', NULL, NULL, '2021-07-17 19:55:12', '2021-07-17 19:55:12'),
(446, '33', 30.00, '2021-06-04', 'System', '2021-07-18 03:55:12', NULL, NULL, '2021-07-17 19:55:12', '2021-07-17 19:55:12'),
(447, '33', 22.00, '2021-06-05', 'System', '2021-07-18 03:55:12', NULL, NULL, '2021-07-17 19:55:12', '2021-07-17 19:55:12'),
(448, '33', 21.00, '2021-06-07', 'System', '2021-07-18 03:55:12', NULL, NULL, '2021-07-17 19:55:12', '2021-07-17 19:55:12'),
(449, '33', 18.00, '2021-06-08', 'System', '2021-07-18 03:55:12', NULL, NULL, '2021-07-17 19:55:12', '2021-07-17 19:55:12'),
(450, '33', 17.00, '2021-06-09', 'System', '2021-07-18 03:55:12', NULL, NULL, '2021-07-17 19:55:12', '2021-07-17 19:55:12'),
(451, '33', 25.00, '2021-06-10', 'System', '2021-07-18 03:55:12', NULL, NULL, '2021-07-17 19:55:12', '2021-07-17 19:55:12'),
(452, '33', 15.00, '2021-06-11', 'System', '2021-07-18 03:55:12', NULL, NULL, '2021-07-17 19:55:12', '2021-07-17 19:55:12'),
(453, '33', 20.00, '2021-06-12', 'System', '2021-07-18 03:55:12', NULL, NULL, '2021-07-17 19:55:12', '2021-07-17 19:55:12'),
(454, '33', 23.00, '2021-06-14', 'System', '2021-07-18 03:55:12', NULL, NULL, '2021-07-17 19:55:12', '2021-07-17 19:55:12'),
(455, '33', 21.00, '2021-06-15', 'System', '2021-07-18 03:55:12', NULL, NULL, '2021-07-17 19:55:12', '2021-07-17 19:55:12'),
(456, '33', 18.00, '2021-06-16', 'System', '2021-07-18 03:55:12', NULL, NULL, '2021-07-17 19:55:12', '2021-07-17 19:55:12'),
(457, '33', 23.00, '2021-06-17', 'System', '2021-07-18 03:55:12', NULL, NULL, '2021-07-17 19:55:12', '2021-07-17 19:55:12'),
(458, '33', 15.00, '2021-06-18', 'System', '2021-07-18 03:55:12', NULL, NULL, '2021-07-17 19:55:12', '2021-07-17 19:55:12'),
(459, '33', 22.00, '2021-06-19', 'System', '2021-07-18 03:55:12', NULL, NULL, '2021-07-17 19:55:12', '2021-07-17 19:55:12'),
(460, '33', 30.00, '2021-06-21', 'System', '2021-07-18 03:55:12', NULL, NULL, '2021-07-17 19:55:12', '2021-07-17 19:55:12'),
(461, '33', 28.00, '2021-06-22', 'System', '2021-07-18 03:55:12', NULL, NULL, '2021-07-17 19:55:12', '2021-07-17 19:55:12'),
(462, '132', 491.00, '2021-06-19', 'System', '2021-07-18 03:55:12', NULL, NULL, '2021-07-17 19:55:12', '2021-07-17 19:55:12'),
(463, '90', 35.00, '2021-06-21', 'System', '2021-07-18 03:55:12', NULL, NULL, '2021-07-17 19:55:12', '2021-07-17 19:55:12'),
(464, '92', 24.00, '2021-06-21', 'System', '2021-07-18 03:55:12', NULL, NULL, '2021-07-17 19:55:12', '2021-07-17 19:55:12'),
(465, '98', 14.00, '2021-06-21', 'System', '2021-07-18 03:55:12', NULL, NULL, '2021-07-17 19:55:12', '2021-07-17 19:55:12'),
(466, '143', 360.00, '2021-06-22', 'System', '2021-07-18 03:55:12', NULL, NULL, '2021-07-17 19:55:12', '2021-07-17 19:55:12'),
(467, '138', 214.00, '2021-06-22', 'System', '2021-07-18 03:55:12', NULL, NULL, '2021-07-17 19:55:12', '2021-07-17 19:55:12'),
(468, '40', 1.00, '2021-06-21', 'System', '2021-07-18 03:55:12', NULL, NULL, '2021-07-17 19:55:12', '2021-07-17 19:55:12'),
(469, '48', 1.40, '2021-06-21', 'System', '2021-07-18 03:55:12', NULL, NULL, '2021-07-17 19:55:12', '2021-07-17 19:55:12'),
(470, '144', 30.80, '2021-06-23', 'System', '2021-07-18 03:55:12', NULL, NULL, '2021-07-17 19:55:12', '2021-07-17 19:55:12'),
(471, '97', 4.00, '2021-06-23', 'System', '2021-07-18 03:55:12', NULL, NULL, '2021-07-17 19:55:12', '2021-07-17 19:55:12'),
(472, '102', 2.20, '2021-06-23', 'System', '2021-07-18 03:55:12', NULL, NULL, '2021-07-17 19:55:12', '2021-07-17 19:55:12'),
(473, '26', 90.00, '2021-06-24', 'System', '2021-07-18 03:55:12', NULL, NULL, '2021-07-17 19:55:12', '2021-07-17 19:55:12'),
(474, '31', 67.00, '2021-06-24', 'System', '2021-07-18 03:55:12', NULL, NULL, '2021-07-17 19:55:12', '2021-07-17 19:55:12'),
(475, '18', 120.00, '2021-06-24', 'System', '2021-07-18 03:55:12', NULL, NULL, '2021-07-17 19:55:12', '2021-07-17 19:55:12'),
(476, '132', 1157.00, '2021-06-26', 'System', '2021-07-18 03:55:12', NULL, NULL, '2021-07-17 19:55:12', '2021-07-17 19:55:12'),
(477, '92', 45.00, '2021-06-25', 'System', '2021-07-18 03:55:12', NULL, NULL, '2021-07-17 19:55:12', '2021-07-17 19:55:12'),
(478, '145', 3.00, '2021-06-25', 'System', '2021-07-18 03:55:12', NULL, NULL, '2021-07-17 19:55:12', '2021-07-17 19:55:12'),
(479, '119', 6.00, '2021-06-25', 'System', '2021-07-18 03:55:12', NULL, NULL, '2021-07-17 19:55:12', '2021-07-17 19:55:12'),
(480, '92', 24.00, '2021-06-28', 'System', '2021-07-18 03:55:12', NULL, NULL, '2021-07-17 19:55:12', '2021-07-17 19:55:12'),
(481, '98', 16.00, '2021-06-28', 'System', '2021-07-18 03:55:12', NULL, NULL, '2021-07-17 19:55:12', '2021-07-17 19:55:12'),
(482, '90', 71.00, '2021-06-28', 'System', '2021-07-18 03:55:12', NULL, NULL, '2021-07-17 19:55:12', '2021-07-17 19:55:12'),
(483, '102', 2.50, '2021-06-28', 'System', '2021-07-18 03:55:12', NULL, NULL, '2021-07-17 19:55:12', '2021-07-17 19:55:12'),
(484, '134', 571.00, '2021-06-29', 'System', '2021-07-18 03:55:12', NULL, NULL, '2021-07-17 19:55:12', '2021-07-17 19:55:12'),
(485, '88', 0.20, '2021-06-23', 'System', '2021-07-18 03:55:12', NULL, NULL, '2021-07-17 19:55:12', '2021-07-17 19:55:12'),
(486, '83', 0.50, '2021-06-25', 'System', '2021-07-18 03:55:12', NULL, NULL, '2021-07-17 19:55:12', '2021-07-17 19:55:12'),
(487, '79', 7.20, '2021-06-28', 'System', '2021-07-18 03:55:12', NULL, NULL, '2021-07-17 19:55:12', '2021-07-17 19:55:12'),
(488, '82', 0.40, '2022-06-28', 'System', '2021-07-18 03:55:12', NULL, NULL, '2021-07-17 19:55:12', '2021-07-17 19:55:12'),
(489, '86', 3.00, '2021-06-29', 'System', '2021-07-18 03:55:12', NULL, NULL, '2021-07-17 19:55:12', '2021-07-17 19:55:12'),
(490, '133', 299.00, '2021-06-30', 'System', '2021-07-18 03:55:12', NULL, NULL, '2021-07-17 19:55:12', '2021-07-17 19:55:12'),
(491, '33', 15.00, '2021-06-23', 'System', '2021-07-18 03:55:12', NULL, NULL, '2021-07-17 19:55:12', '2021-07-17 19:55:12'),
(492, '33', 21.00, '2021-06-24', 'System', '2021-07-18 03:55:12', NULL, NULL, '2021-07-17 19:55:12', '2021-07-17 19:55:12'),
(493, '33', 28.00, '2021-06-25', 'System', '2021-07-18 03:55:12', NULL, NULL, '2021-07-17 19:55:12', '2021-07-17 19:55:12'),
(494, '33', 27.00, '2021-06-26', 'System', '2021-07-18 03:55:12', NULL, NULL, '2021-07-17 19:55:12', '2021-07-17 19:55:12'),
(495, '33', 30.00, '2021-06-28', 'System', '2021-07-18 03:55:12', NULL, NULL, '2021-07-17 19:55:12', '2021-07-17 19:55:12'),
(496, '33', 22.00, '2021-06-29', 'System', '2021-07-18 03:55:12', NULL, NULL, '2021-07-17 19:55:12', '2021-07-17 19:55:12'),
(497, '33', 33.00, '2021-06-30', 'System', '2021-07-18 03:55:12', NULL, NULL, '2021-07-17 19:55:12', '2021-07-17 19:55:12'),
(498, '92', 52.00, '2021-07-02', 'System', '2021-07-18 03:55:12', NULL, NULL, '2021-07-17 19:55:12', '2021-07-17 19:55:12'),
(499, '119', 4.00, '2021-07-02', 'System', '2021-07-18 03:55:12', NULL, NULL, '2021-07-17 19:55:12', '2021-07-17 19:55:12'),
(500, '90', 48.00, '2021-07-05', 'System', '2021-07-18 03:55:12', NULL, NULL, '2021-07-17 19:55:12', '2021-07-17 19:55:12'),
(501, '92', 26.00, '2021-07-05', 'System', '2021-07-18 03:55:12', NULL, NULL, '2021-07-17 19:55:12', '2021-07-17 19:55:12'),
(502, '14', 309.00, '2021-07-05', 'System', '2021-07-18 03:55:12', NULL, NULL, '2021-07-17 19:55:12', '2021-07-17 19:55:12'),
(503, '142', 404.00, '2021-07-06', 'System', '2021-07-18 03:55:12', NULL, NULL, '2021-07-17 19:55:12', '2021-07-17 19:55:12'),
(504, '132', 1036.00, '2021-07-06', 'System', '2021-07-18 03:55:12', NULL, NULL, '2021-07-17 19:55:12', '2021-07-17 19:55:12'),
(505, '102', 2.00, '2021-07-07', 'System', '2021-07-18 03:55:12', NULL, NULL, '2021-07-17 19:55:12', '2021-07-17 19:55:12'),
(506, '98', 19.00, '2021-07-07', 'System', '2021-07-18 03:55:12', NULL, NULL, '2021-07-17 19:55:12', '2021-07-17 19:55:12'),
(507, '97', 35.00, '2021-07-07', 'System', '2021-07-18 03:55:12', NULL, NULL, '2021-07-17 19:55:12', '2021-07-17 19:55:12'),
(508, '1', 60.00, '2021-07-07', 'System', '2021-07-18 03:55:12', NULL, NULL, '2021-07-17 19:55:12', '2021-07-17 19:55:12'),
(509, '146', 4.00, '2021-07-08', 'System', '2021-07-18 03:55:12', NULL, NULL, '2021-07-17 19:55:12', '2021-07-17 19:55:12'),
(510, '13', 349.00, '2021-07-08', 'System', '2021-07-18 03:55:12', NULL, NULL, '2021-07-17 19:55:12', '2021-07-17 19:55:12'),
(511, '37', 34.00, '2021-07-08', 'System', '2021-07-18 03:55:12', NULL, NULL, '2021-07-17 19:55:12', '2021-07-17 19:55:12'),
(512, '10', 242.00, '2021-07-08', 'System', '2021-07-18 03:55:12', NULL, NULL, '2021-07-17 19:55:12', '2021-07-17 19:55:12'),
(513, '33', 18.00, '2021-07-01', 'System', '2021-07-18 03:55:12', NULL, NULL, '2021-07-17 19:55:12', '2021-07-17 19:55:12'),
(514, '33', 28.00, '2021-07-02', 'System', '2021-07-18 03:55:12', NULL, NULL, '2021-07-17 19:55:12', '2021-07-17 19:55:12'),
(515, '33', 22.00, '2021-07-03', 'System', '2021-07-18 03:55:12', NULL, NULL, '2021-07-17 19:55:12', '2021-07-17 19:55:12'),
(516, '33', 27.00, '2021-07-05', 'System', '2021-07-18 03:55:12', NULL, NULL, '2021-07-17 19:55:12', '2021-07-17 19:55:12'),
(517, '33', 19.00, '2021-07-06', 'System', '2021-07-18 03:55:12', NULL, NULL, '2021-07-17 19:55:12', '2021-07-17 19:55:12'),
(518, '33', 35.00, '2021-07-07', 'System', '2021-07-18 03:55:12', NULL, NULL, '2021-07-17 19:55:12', '2021-07-17 19:55:12'),
(519, '33', 22.00, '2021-07-08', 'System', '2021-07-18 03:55:12', NULL, NULL, '2021-07-17 19:55:12', '2021-07-17 19:55:12'),
(520, '33', 25.00, '2021-07-09', 'System', '2021-07-18 03:55:12', NULL, NULL, '2021-07-17 19:55:12', '2021-07-17 19:55:12'),
(521, '92', 49.00, '2021-07-09', 'System', '2021-07-18 03:55:12', NULL, NULL, '2021-07-17 19:55:12', '2021-07-17 19:55:12'),
(522, '101', 5.00, '2021-07-09', 'System', '2021-07-18 03:55:12', NULL, NULL, '2021-07-17 19:55:12', '2021-07-17 19:55:12'),
(523, '119', 3.00, '2021-07-09', 'System', '2021-07-18 03:55:12', NULL, NULL, '2021-07-17 19:55:12', '2021-07-17 19:55:12'),
(524, '38', 0.00, '2021-07-09', 'System', '2021-07-18 03:55:12', NULL, NULL, '2021-07-17 19:55:12', '2021-07-17 19:55:12'),
(525, '106', 0.00, '2021-07-09', 'System', '2021-07-18 03:55:12', NULL, NULL, '2021-07-17 19:55:12', '2021-07-17 19:55:12');

-- --------------------------------------------------------

--
-- Table structure for table `districts`
--

CREATE TABLE `districts` (
  `id` int(10) UNSIGNED NOT NULL,
  `district_name` varchar(50) COLLATE utf8mb4_unicode_ci NOT NULL,
  `description` varchar(200) COLLATE utf8mb4_unicode_ci DEFAULT NULL,
  `created_by` varchar(100) COLLATE utf8mb4_unicode_ci DEFAULT NULL,
  `created_datetime` datetime DEFAULT NULL,
  `last_modified_by` varchar(100) COLLATE utf8mb4_unicode_ci DEFAULT NULL,
  `last_modified_datetime` datetime DEFAULT NULL,
  `created_at` timestamp NULL DEFAULT NULL,
  `updated_at` timestamp NULL DEFAULT NULL
) ENGINE=InnoDB DEFAULT CHARSET=utf8mb4 COLLATE=utf8mb4_unicode_ci;

--
-- Dumping data for table `districts`
--

INSERT INTO `districts` (`id`, `district_name`, `description`, `created_by`, `created_datetime`, `last_modified_by`, `last_modified_datetime`, `created_at`, `updated_at`) VALUES
(2, 'Melaya', NULL, 'Deva Dwi A', '2021-07-13 14:19:51', NULL, NULL, '2021-07-13 06:19:51', '2021-07-13 06:19:51'),
(3, 'Negara', NULL, 'System', '2021-07-13 14:19:58', NULL, NULL, '2021-07-13 06:19:58', '2021-07-13 06:19:58'),
(4, 'Jembrana', NULL, 'System', '2021-07-13 14:19:58', NULL, NULL, '2021-07-13 06:19:58', '2021-07-13 06:19:58'),
(5, 'Mendoyo', NULL, 'System', '2021-07-13 14:19:58', NULL, NULL, '2021-07-13 06:19:58', '2021-07-13 06:19:58'),
(6, 'Pekutatan', NULL, 'System', '2021-07-13 14:19:58', NULL, NULL, '2021-07-13 06:19:58', '2021-07-13 06:19:58'),
(7, 'Selemadeg', NULL, 'System', '2021-07-13 14:19:58', NULL, NULL, '2021-07-13 06:19:58', '2021-07-13 06:19:58'),
(8, 'Selemadeg Timur', NULL, 'System', '2021-07-13 14:19:58', NULL, NULL, '2021-07-13 06:19:58', '2021-07-13 06:19:58'),
(9, 'Selemadeg Barat', NULL, 'System', '2021-07-13 14:19:58', NULL, NULL, '2021-07-13 06:19:58', '2021-07-13 06:19:58'),
(10, 'Kerambitan', NULL, 'System', '2021-07-13 14:19:58', NULL, NULL, '2021-07-13 06:19:58', '2021-07-13 06:19:58'),
(11, 'Tabanan', NULL, 'System', '2021-07-13 14:19:58', NULL, NULL, '2021-07-13 06:19:58', '2021-07-13 06:19:58'),
(12, 'Kediri', NULL, 'System', '2021-07-13 14:19:58', NULL, NULL, '2021-07-13 06:19:58', '2021-07-13 06:19:58'),
(13, 'Marga', NULL, 'System', '2021-07-13 14:19:58', NULL, NULL, '2021-07-13 06:19:58', '2021-07-13 06:19:58'),
(14, 'Baturiti', NULL, 'System', '2021-07-13 14:19:58', NULL, NULL, '2021-07-13 06:19:58', '2021-07-13 06:19:58'),
(15, 'Penebel', NULL, 'System', '2021-07-13 14:19:58', NULL, NULL, '2021-07-13 06:19:58', '2021-07-13 06:19:58'),
(16, 'Pupuan', NULL, 'System', '2021-07-13 14:19:58', NULL, NULL, '2021-07-13 06:19:58', '2021-07-13 06:19:58'),
(17, 'Kuta Selatan', NULL, 'System', '2021-07-13 14:19:58', NULL, NULL, '2021-07-13 06:19:58', '2021-07-13 06:19:58'),
(18, 'Kuta', NULL, 'System', '2021-07-13 14:19:58', NULL, NULL, '2021-07-13 06:19:58', '2021-07-13 06:19:58'),
(19, 'Kuta Utara', NULL, 'System', '2021-07-13 14:19:58', NULL, NULL, '2021-07-13 06:19:58', '2021-07-13 06:19:58'),
(20, 'Mengwi', NULL, 'System', '2021-07-13 14:19:58', NULL, NULL, '2021-07-13 06:19:58', '2021-07-13 06:19:58'),
(21, 'Abiansemal', NULL, 'System', '2021-07-13 14:19:58', NULL, NULL, '2021-07-13 06:19:58', '2021-07-13 06:19:58'),
(22, 'Petang', NULL, 'System', '2021-07-13 14:19:58', NULL, NULL, '2021-07-13 06:19:58', '2021-07-13 06:19:58'),
(23, 'Sukawati', NULL, 'System', '2021-07-13 14:19:58', NULL, NULL, '2021-07-13 06:19:58', '2021-07-13 06:19:58'),
(24, 'Blahbatuh', NULL, 'System', '2021-07-13 14:19:58', NULL, NULL, '2021-07-13 06:19:58', '2021-07-13 06:19:58'),
(25, 'Gianyar', NULL, 'System', '2021-07-13 14:19:58', NULL, NULL, '2021-07-13 06:19:58', '2021-07-13 06:19:58'),
(26, 'Tampaksiring', NULL, 'System', '2021-07-13 14:19:58', NULL, NULL, '2021-07-13 06:19:58', '2021-07-13 06:19:58'),
(27, 'Ubud', NULL, 'System', '2021-07-13 14:19:58', NULL, NULL, '2021-07-13 06:19:58', '2021-07-13 06:19:58'),
(28, 'Tegallalang', NULL, 'System', '2021-07-13 14:19:58', NULL, NULL, '2021-07-13 06:19:58', '2021-07-13 06:19:58'),
(29, 'Payangan', NULL, 'System', '2021-07-13 14:19:58', NULL, NULL, '2021-07-13 06:19:58', '2021-07-13 06:19:58'),
(30, 'Nusa Penida', NULL, 'System', '2021-07-13 14:19:58', NULL, NULL, '2021-07-13 06:19:58', '2021-07-13 06:19:58'),
(31, 'Banjarangkan', NULL, 'System', '2021-07-13 14:19:58', NULL, NULL, '2021-07-13 06:19:58', '2021-07-13 06:19:58'),
(32, 'Klungkung', NULL, 'System', '2021-07-13 14:19:58', NULL, NULL, '2021-07-13 06:19:58', '2021-07-13 06:19:58'),
(33, 'Dawan', NULL, 'System', '2021-07-13 14:19:58', NULL, NULL, '2021-07-13 06:19:58', '2021-07-13 06:19:58'),
(34, 'Susut', NULL, 'System', '2021-07-13 14:19:58', NULL, NULL, '2021-07-13 06:19:58', '2021-07-13 06:19:58'),
(35, 'Bangli', NULL, 'System', '2021-07-13 14:19:58', NULL, NULL, '2021-07-13 06:19:58', '2021-07-13 06:19:58'),
(36, 'Tembuku', NULL, 'System', '2021-07-13 14:19:58', NULL, NULL, '2021-07-13 06:19:58', '2021-07-13 06:19:58'),
(37, 'Kintamani', NULL, 'System', '2021-07-13 14:19:58', NULL, NULL, '2021-07-13 06:19:58', '2021-07-13 06:19:58'),
(38, 'Rendang', NULL, 'System', '2021-07-13 14:19:58', NULL, NULL, '2021-07-13 06:19:58', '2021-07-13 06:19:58'),
(39, 'Sidemen', NULL, 'System', '2021-07-13 14:19:58', NULL, NULL, '2021-07-13 06:19:58', '2021-07-13 06:19:58'),
(40, 'Manggis', NULL, 'System', '2021-07-13 14:19:58', NULL, NULL, '2021-07-13 06:19:58', '2021-07-13 06:19:58'),
(41, 'Karangasem', NULL, 'System', '2021-07-13 14:19:58', NULL, NULL, '2021-07-13 06:19:58', '2021-07-13 06:19:58'),
(42, 'Abang', NULL, 'System', '2021-07-13 14:19:58', NULL, NULL, '2021-07-13 06:19:58', '2021-07-13 06:19:58'),
(43, 'Bebandem', NULL, 'System', '2021-07-13 14:19:58', NULL, NULL, '2021-07-13 06:19:58', '2021-07-13 06:19:58'),
(44, 'Selat', NULL, 'System', '2021-07-13 14:19:58', NULL, NULL, '2021-07-13 06:19:58', '2021-07-13 06:19:58'),
(45, 'Kubu', NULL, 'System', '2021-07-13 14:19:58', NULL, NULL, '2021-07-13 06:19:58', '2021-07-13 06:19:58'),
(46, 'Gerokgak', NULL, 'System', '2021-07-13 14:19:58', NULL, NULL, '2021-07-13 06:19:58', '2021-07-13 06:19:58'),
(47, 'Seririt', NULL, 'System', '2021-07-13 14:19:58', NULL, NULL, '2021-07-13 06:19:58', '2021-07-13 06:19:58'),
(48, 'Busungbiu', NULL, 'System', '2021-07-13 14:19:58', NULL, NULL, '2021-07-13 06:19:58', '2021-07-13 06:19:58'),
(49, 'Banjar', NULL, 'System', '2021-07-13 14:19:58', NULL, NULL, '2021-07-13 06:19:58', '2021-07-13 06:19:58'),
(50, 'Sukasada', NULL, 'System', '2021-07-13 14:19:58', NULL, NULL, '2021-07-13 06:19:58', '2021-07-13 06:19:58'),
(51, 'Buleleng', NULL, 'System', '2021-07-13 14:19:58', NULL, NULL, '2021-07-13 06:19:58', '2021-07-13 06:19:58'),
(52, 'Sawan', NULL, 'System', '2021-07-13 14:19:58', NULL, NULL, '2021-07-13 06:19:58', '2021-07-13 06:19:58'),
(53, 'Kubutambahan', NULL, 'System', '2021-07-13 14:19:58', NULL, NULL, '2021-07-13 06:19:58', '2021-07-13 06:19:58'),
(54, 'Tejakula', NULL, 'System', '2021-07-13 14:19:58', NULL, NULL, '2021-07-13 06:19:58', '2021-07-13 06:19:58'),
(55, 'Denpasar Selatan', NULL, 'System', '2021-07-13 14:19:58', NULL, NULL, '2021-07-13 06:19:58', '2021-07-13 06:19:58'),
(56, 'Denpasar Timur', NULL, 'System', '2021-07-13 14:19:58', NULL, NULL, '2021-07-13 06:19:58', '2021-07-13 06:19:58'),
(57, 'Denpasar Barat', NULL, 'System', '2021-07-13 14:19:58', NULL, NULL, '2021-07-13 06:19:58', '2021-07-13 06:19:58'),
(58, 'Denpasar Utara', NULL, 'System', '2021-07-13 14:19:58', NULL, NULL, '2021-07-13 06:19:58', '2021-07-13 06:19:58');

-- --------------------------------------------------------

--
-- Table structure for table `migrations`
--

CREATE TABLE `migrations` (
  `id` int(10) UNSIGNED NOT NULL,
  `migration` varchar(255) COLLATE utf8mb4_unicode_ci NOT NULL,
  `batch` int(11) NOT NULL
) ENGINE=InnoDB DEFAULT CHARSET=utf8mb4 COLLATE=utf8mb4_unicode_ci;

--
-- Dumping data for table `migrations`
--

INSERT INTO `migrations` (`id`, `migration`, `batch`) VALUES
(2, '2021_06_11_173959_create_categories_table', 1),
(5, '2021_07_02_211545_create_location_areas_table', 1),
(8, '2021_07_02_223618_create_box_resources_table', 1),
(9, '2021_07_02_225954_create_purchase_prices_table', 1),
(10, '2021_07_02_235700_create_transport_intensities_table', 1),
(11, '2021_07_03_011516_create_payment_methods_table', 1),
(12, '2021_07_03_013808_create_banks_table', 1),
(13, '2021_07_02_221313_create_location_districts_table', 2),
(14, '2021_07_13_123639_create_regencies_table', 2),
(15, '2021_07_13_135554_create_districts_table', 3),
(16, '2021_07_13_142159_create_areas_table', 4),
(17, '2021_06_14_235808_create_participants_table', 5),
(18, '2021_07_13_063155_create_users_table', 6),
(19, '2021_07_15_051908_create_collections_table', 7),
(21, '2021_06_11_174429_create_category_details_table', 8);

-- --------------------------------------------------------

--
-- Table structure for table `participants`
--

CREATE TABLE `participants` (
  `id` int(10) UNSIGNED NOT NULL,
  `participant_name` varchar(250) COLLATE utf8mb4_unicode_ci NOT NULL,
  `id_category` varchar(50) COLLATE utf8mb4_unicode_ci DEFAULT NULL,
  `contact_name_1` varchar(250) COLLATE utf8mb4_unicode_ci DEFAULT NULL,
  `contact_position_1` varchar(200) COLLATE utf8mb4_unicode_ci DEFAULT NULL,
  `contact_phone_1` varchar(50) COLLATE utf8mb4_unicode_ci DEFAULT NULL,
  `contact_email_1` varchar(200) COLLATE utf8mb4_unicode_ci DEFAULT NULL,
  `contact_name_2` varchar(250) COLLATE utf8mb4_unicode_ci DEFAULT NULL,
  `contact_position_2` varchar(200) COLLATE utf8mb4_unicode_ci DEFAULT NULL,
  `contact_phone_2` varchar(50) COLLATE utf8mb4_unicode_ci DEFAULT NULL,
  `contact_email_2` varchar(200) COLLATE utf8mb4_unicode_ci DEFAULT NULL,
  `joined_date` date DEFAULT NULL,
  `id_transport_intensity` varchar(50) COLLATE utf8mb4_unicode_ci DEFAULT NULL,
  `address` varchar(400) COLLATE utf8mb4_unicode_ci DEFAULT NULL,
  `latitude` varchar(100) COLLATE utf8mb4_unicode_ci DEFAULT NULL,
  `langitude` varchar(100) COLLATE utf8mb4_unicode_ci DEFAULT NULL,
  `service_area` varchar(400) COLLATE utf8mb4_unicode_ci DEFAULT NULL,
  `id_area` varchar(50) COLLATE utf8mb4_unicode_ci DEFAULT NULL,
  `id_district` varchar(50) COLLATE utf8mb4_unicode_ci DEFAULT NULL,
  `id_regency` varchar(50) COLLATE utf8mb4_unicode_ci DEFAULT NULL,
  `id_box_resource` varchar(50) COLLATE utf8mb4_unicode_ci DEFAULT NULL,
  `resource_description` varchar(400) COLLATE utf8mb4_unicode_ci DEFAULT NULL,
  `id_purchase_price` varchar(50) COLLATE utf8mb4_unicode_ci DEFAULT NULL,
  `id_payment_method` varchar(50) COLLATE utf8mb4_unicode_ci DEFAULT NULL,
  `id_bank` varchar(50) COLLATE utf8mb4_unicode_ci DEFAULT NULL,
  `bank_branch` varchar(200) COLLATE utf8mb4_unicode_ci DEFAULT NULL,
  `bank_account_number` varchar(200) COLLATE utf8mb4_unicode_ci DEFAULT NULL,
  `bank_account_holder_name` varchar(200) COLLATE utf8mb4_unicode_ci DEFAULT NULL,
  `notes` varchar(400) COLLATE utf8mb4_unicode_ci DEFAULT NULL,
  `url_photo_1` varchar(400) COLLATE utf8mb4_unicode_ci DEFAULT NULL,
  `url_photo_2` varchar(400) COLLATE utf8mb4_unicode_ci DEFAULT NULL,
  `created_by` varchar(100) COLLATE utf8mb4_unicode_ci DEFAULT NULL,
  `created_datetime` datetime DEFAULT NULL,
  `last_modified_by` varchar(100) COLLATE utf8mb4_unicode_ci DEFAULT NULL,
  `last_modified_datetime` datetime DEFAULT NULL,
  `created_at` timestamp NULL DEFAULT NULL,
  `updated_at` timestamp NULL DEFAULT NULL
) ENGINE=InnoDB DEFAULT CHARSET=utf8mb4 COLLATE=utf8mb4_unicode_ci;

--
-- Dumping data for table `participants`
--

INSERT INTO `participants` (`id`, `participant_name`, `id_category`, `contact_name_1`, `contact_position_1`, `contact_phone_1`, `contact_email_1`, `contact_name_2`, `contact_position_2`, `contact_phone_2`, `contact_email_2`, `joined_date`, `id_transport_intensity`, `address`, `latitude`, `langitude`, `service_area`, `id_area`, `id_district`, `id_regency`, `id_box_resource`, `resource_description`, `id_purchase_price`, `id_payment_method`, `id_bank`, `bank_branch`, `bank_account_number`, `bank_account_holder_name`, `notes`, `url_photo_1`, `url_photo_2`, `created_by`, `created_datetime`, `last_modified_by`, `last_modified_datetime`, `created_at`, `updated_at`) VALUES
(1, 'TPS3R Sanur Kauh ', '11', 'Pak Sila Darma', 'Ketua TPS3R', '082247416974', NULL, 'Ibu Wayan Rusmi', 'Admin TPS3R', '082247416974', NULL, '2019-01-03', '1', 'Jl Danau Tempe No 1, Sanur Kauh, Denpasar Selatan', '-8.703249118130053', '115.24583709263486', '3 Banjar di Desa Sanur Kauh (Betngandang, Belanjong, Danau Tempe)', '502', '55', '8', '2,3,1', 'Hotel: 4 hotel, Rumah tangga: 3 banjar,  Villa: Villa di Desa Sanur Kauh', '5', '2', '3', NULL, '097101019697538', 'KSM Pengelola TPS3R Sekar Tanjung', NULL, NULL, NULL, 'System', '2021-07-18 03:20:44', NULL, NULL, '2021-07-17 19:20:44', '2021-07-17 19:20:44'),
(2, 'Tambyak Lestari ', '11', 'Pak Mawa', 'Ketua TPS3R', '087760149333', NULL, NULL, NULL, NULL, NULL, '2019-05-07', '1', 'Jl. Belimbing Sari, Pecatu, Kec. Kuta Sel.', '-8.834387368845634', '115.13645872526322', 'Pecatu & Uluwatu', '394', '17', '2', '2,3', 'Hotel dan Villa di sekitar pecatu ', '5', '2', '7', 'Nusa Dua', '003593355427', 'I Nyoman Mawa', NULL, NULL, NULL, 'System', '2021-07-18 03:20:44', NULL, NULL, '2021-07-17 19:20:44', '2021-07-17 19:20:44'),
(3, 'Bantas Lestari', '11', 'Ibu Sarasmini', 'Ketua TPS3R', '082146869229', NULL, 'Pak Catur', 'Perbekel Desa Bantas', '085100586659', NULL, '2019-10-04', '1', 'Jl. Kepuh Sari Br Bunud Puhun, Desa Bantas, Selemadeg Timut', '-8.500567844536205', '115.06561410668733', 'Bantas', '52', '8', '3', '1,17', 'Sampah desa & Bank Sampah di Desa', '5', '2', '3', NULL, '477501010494533', 'Ni Nyoman Sarasmini', NULL, NULL, NULL, 'System', '2021-07-18 03:20:44', NULL, NULL, '2021-07-17 19:20:44', '2021-07-17 19:20:44'),
(4, 'TPS3R Rumah hijau ', '11', 'Ibu Ketut', 'Tenaga pemilah TPS3R', '081936310656', NULL, NULL, NULL, NULL, NULL, '2020-08-08', '1', 'Jl. Ganda Mayu, Mengwi, Badung', '-8.546729014388251', '115.1630385272781', 'Mengwi', '345', '20', '2', '1', 'Desa mengwi', '5', '1', NULL, NULL, NULL, NULL, NULL, NULL, NULL, 'System', '2021-07-18 03:20:44', NULL, NULL, '2021-07-17 19:20:44', '2021-07-17 19:20:44'),
(5, 'TPS3R Bayu Suci', '11', 'Pak Wayan Suwastika ', 'Ketua TPS3R', '0812 3633 5837', NULL, NULL, NULL, '0878 6047 1652', NULL, '2020-08-08', '1', 'Jl. Gunung siku, Batan Nyuh, Marga, Tabanan', '-8.51320246585683', '115.1699309748193', 'Tabanan', '62', '13', '3', '1,17', 'Rumah tangga dan  Bank Sampah Unit Desa Batan Nyuh', '5', '1', NULL, NULL, NULL, NULL, NULL, NULL, NULL, 'System', '2021-07-18 03:20:44', NULL, NULL, '2021-07-17 19:20:44', '2021-07-17 19:20:44'),
(6, 'TPST 3R Desa Taro', '11', 'Dedy', 'Ketua TPS3R', '081999806733', NULL, NULL, NULL, NULL, NULL, NULL, '1', 'Desa Taro, Tegallalang, Gianyar', '-8.371859290881035', '115.29386384928868', 'Taro', '606', NULL, '7', '1', 'Rumah tangga Desa Taro', '11', NULL, NULL, NULL, NULL, NULL, NULL, NULL, NULL, 'System', '2021-07-18 03:20:44', NULL, NULL, '2021-07-17 19:20:44', '2021-07-17 19:20:44'),
(7, 'Depo Cemara ', '11', 'Pak Saleh ', 'Koordinator tenaga kerja TPS3R', '0853 3844 1295 ', NULL, NULL, NULL, NULL, NULL, '2020-06-06', '1', 'Sanur Kaja, Denpasar', NULL, NULL, 'Sanur Kaja', '501', '55', '8', '1', 'Rumah tangga Desa Sanur Kaja', '5', NULL, NULL, NULL, NULL, NULL, NULL, NULL, NULL, 'System', '2021-07-18 03:20:44', NULL, NULL, '2021-07-17 19:20:44', '2021-07-17 19:20:44'),
(8, 'TPS3R Bindu', '11', 'Pak Gusti', 'Ketua TPS3R', '081338983759', NULL, 'Pak Prajuru', 'Prajuru Adat', '081239401417', NULL, '2021-02-26', '1', 'Jl. Melasti I, Desa Bindu, Abiansemal ', '-8.54903128327207', '115.22889475255451', 'Bindu', NULL, '21', '2', '1', 'Rumah tangga di Desa Adat Bindu: 200KK', '5', '1', NULL, NULL, NULL, NULL, NULL, NULL, NULL, 'System', '2021-07-18 03:20:44', NULL, NULL, '2021-07-17 19:20:44', '2021-07-17 19:20:44'),
(9, 'Seminyak Clean ', '12', 'Komang Rudita ', 'Ketua TPST3R', '0813 3878 7381 ', NULL, 'Pak Ngurah', 'Tenaga admin TPST3R', '081999005956', NULL, '2020-01-01', '1', 'Jl. Beji Ayu, Seminyak, Badung', '-8.693043170943177', '115.18019270326573', 'Seminyak', '530', '18', '2', '1,2,3,5,10', 'Rumah tangga: 478KK, Unit usaha: 874', '5', '2', '2', 'Renon', '0263623390', 'I Nengah Dendi', NULL, NULL, NULL, 'System', '2021-07-18 03:20:44', NULL, NULL, '2021-07-17 19:20:44', '2021-07-17 19:20:44'),
(10, 'Rumah Kompos Padang Tegal', '12', 'Dewa Deva', 'Ketua TPST3R', '0819 9939 3111', NULL, 'Kadek Jois', 'Tenaga admin TPST3R', '0813 5365 3318', NULL, '2019-09-24', '2', 'Jl. Mongkey Forest, Ubud, Gianyar', '-8.521473741908757', '115.2596772540959', 'Ubud', NULL, '27', '7', '2,3,5,1,10', 'Usaha: 864 unit, Rumah tangga: 672 KK', '5', '2', '9', NULL, NULL, NULL, NULL, NULL, NULL, 'System', '2021-07-18 03:20:44', NULL, NULL, '2021-07-17 19:20:44', '2021-07-17 19:20:44'),
(11, 'TPA Mandung (9 orang)', '10', 'Pak Kadek', 'Kepala UPTD', '085103032509', NULL, 'Ibu Kadek', 'Pensiunan Kepala UPTD', '0851 0581 0079', NULL, '2020-08-08', '1', 'Mandung, Kerambitan, Tabanan', '-8.529889099784953', '115.09521030005595', 'Tabanan', NULL, '10', '3', '14', 'TPA Mandung: 9 Pemulung', '5', '1', NULL, NULL, NULL, NULL, NULL, NULL, NULL, 'System', '2021-07-18 03:20:44', NULL, NULL, '2021-07-17 19:20:44', '2021-07-17 19:20:44'),
(12, 'Pak yande TPA Pandak gede ', '10', 'Yande', 'Pembantu supir TPA', '0819 9792 1206 ', NULL, NULL, NULL, NULL, NULL, NULL, '1', 'Desa Pandak Gede, Tabanan', '-8.590686556164224', '115.12334011426522', 'Kediri', '382', '12', '3', '14', 'TPA pandak gede ', '5', NULL, NULL, NULL, NULL, NULL, NULL, NULL, NULL, 'System', '2021-07-18 03:20:44', NULL, NULL, '2021-07-17 19:20:44', '2021-07-17 19:20:44'),
(13, 'Mitra Gianyar Bagus ', '10', 'Pak Cakra ', 'Ketua BSI', '081546132794 / 081916422795', NULL, 'Pak Kadek Satra / Ibu Ari', 'Koordinatro lapangan / Tenaga admin', '082341853355 / 082247962957', NULL, '2019-02-13', '1', 'Jl. Raya Temesi, Desa Temesi, Gianyar', '-8.562428470686276', '115.35039572709499', 'Gianyar', '625', '25', '7', '13', 'Sampah gianyar: 20 truk per hari', '5', '2', '1', NULL, '4160335888', 'Ni Nyoman Ari Astiti', NULL, NULL, NULL, 'System', '2021-07-18 03:20:44', NULL, NULL, '2021-07-17 19:20:44', '2021-07-17 19:20:44'),
(14, 'Pak Rono ', '7', 'Pak Rono', 'Pemilik jasa sampah', '0813 3859 7195', NULL, 'Pak Wahyu', 'Pekerja', '082145140204', NULL, '2019-01-03', '2', 'Jl. Kresek, Sesetan, Denpasar ', '-8.706160441366361', '115.22718113763827', 'Nusa Dua, Sanur, Bandara', '545', '55', '8', '9,2', 'Bandara / hotel Nusa Dua / Sanur ', '5', '2', '1', NULL, '7445014320', 'I Made Wahyu Kurnia Wara', NULL, NULL, NULL, 'System', '2021-07-18 03:20:44', NULL, NULL, '2021-07-17 19:20:44', '2021-07-17 19:20:44'),
(15, 'Pak Jero Mangku ', '7', 'Jero Mangku', 'Pemilik jasa sampah', '0819 9906 1668', NULL, NULL, NULL, NULL, NULL, '2019-05-08', '2', 'Jl. Palapa, Sesetan, Denpasar', '-8.707232436741672', '115.22477629722414', 'Kuta', '545', '55', '8', '2', 'Hotel Kuta', '5', '2', '1', 'Ponorogo', '767032581', 'Made Endriarti', NULL, NULL, NULL, 'System', '2021-07-18 03:20:44', NULL, NULL, '2021-07-17 19:20:44', '2021-07-17 19:20:44'),
(16, 'Pak Ketut Dira ', '7', 'Ibu Leha', 'Pemilik jasa sampah', '0853 3328 1107', NULL, NULL, NULL, NULL, NULL, '2019-09-09', '1', 'Kelan, Badung', NULL, NULL, 'Bandara', NULL, '17', '2', '9', 'Bandara Domestik ', '5', NULL, NULL, NULL, NULL, NULL, NULL, NULL, NULL, 'System', '2021-07-18 03:20:44', NULL, NULL, '2021-07-17 19:20:44', '2021-07-17 19:20:44'),
(17, 'Ibu Kam ', '7', 'Ibu Kam', 'Pemilik jasa sampah', '0823 3902 8658', NULL, NULL, NULL, NULL, NULL, '2019-10-30', '1', 'Jl. Taman Sari, Kelan, Kuta Selatan, Badung', '-8.750059485461438', '115.17448954709978', 'Bandara', NULL, '17', '2', '9', 'Bandara International', '5', '2', '1', NULL, '6955003431', 'Rusmi Anda Yatik', NULL, NULL, NULL, 'System', '2021-07-18 03:20:44', NULL, NULL, '2021-07-17 19:20:44', '2021-07-17 19:20:44'),
(18, 'Pak Bob', '7', 'Pak Bob/Marliana', 'Pemilik jasa sampah', '0813 3749 7904', NULL, NULL, NULL, NULL, NULL, '2019-12-24', '1', 'Jl. Jabajero 1, Jagapati, Abiansemal, Badung', '-8.600578805217461', '115.23806177959025', 'Kuta', '220', '21', '2', '2', 'Hotel Kuta', '5', '2', '3', 'Denpasar Gatot Subroto', '463901000118533', 'I Wayan Marliana', NULL, NULL, NULL, 'System', '2021-07-18 03:20:44', NULL, NULL, '2021-07-17 19:20:44', '2021-07-17 19:20:44'),
(19, 'UD Putra Sentana ', '7', 'Pak Ciri', 'Pemilik jasa sampah', '0878 6123 8343', NULL, NULL, NULL, NULL, NULL, '2019-03-27', '1', 'Jl. Raya Darmasaba, Gg Gelatik, Abiansemal', '-8.584976207592101', '115.20757538478031', 'Kuta, Petitenget', NULL, '21', '2', '2,5', 'Bisnis Potato Head, Restoran di Petitenget', '5', '1', NULL, NULL, NULL, NULL, NULL, NULL, NULL, 'System', '2021-07-18 03:20:44', NULL, NULL, '2021-07-17 19:20:44', '2021-07-17 19:20:44'),
(20, 'Pak Sucik ', '7', 'Pak Suci', 'Pemilik jasa sampah', '0852 3781 0137', NULL, NULL, NULL, NULL, NULL, '2019-10-30', '1', 'Jl. Karya Makmur, Ubung, Denpasar', '-8.625404197629406', '115.19478780445844', 'Kuta', '665', '58', '8', '2', 'Hotel ', '4', '2', '1', NULL, '3340295080', 'Mat Hari', NULL, NULL, NULL, 'System', '2021-07-18 03:20:44', NULL, NULL, '2021-07-17 19:20:44', '2021-07-17 19:20:44'),
(21, 'Ibu Komang ', '7', 'Ibu Komang', 'Pemilik jasa sampah', '0813 3832 1949 ', NULL, NULL, NULL, NULL, NULL, '2019-08-08', '1', 'Kesiman, Denpasar', '-8.640658657943439', '115.24418730702958', 'Kesiman, Sanur', '277', '56', '8', '2,13', 'Hotel, sampah keliling ', '4', '1', NULL, NULL, NULL, NULL, NULL, NULL, NULL, 'System', '2021-07-18 03:20:44', NULL, NULL, '2021-07-17 19:20:44', '2021-07-17 19:20:44'),
(22, 'Pak Warta', '7', 'Pak Warta', 'Pemilik jasa sampah', '085237505964', NULL, NULL, NULL, NULL, NULL, '2019-05-16', '1', 'Jl. Ayodya, Nusa Dua, Badung', NULL, NULL, 'Tanjung Benoa', NULL, '17', '2', '2,5', 'Hotel, restoran Nusa Dua', '4', '2', '2', NULL, '0296276833', 'I Nyoman Warta', NULL, NULL, NULL, 'System', '2021-07-18 03:20:44', NULL, NULL, '2021-07-17 19:20:44', '2021-07-17 19:20:44'),
(23, 'Pak Kilo', '7', 'Kelo', 'Pemilik jasa sampah', '0819 1613 3328', NULL, NULL, NULL, NULL, NULL, '2019-04-04', '1', 'Nusa Dua, Badung', '-8.789284077121726', '115.19600928056487', 'Nusa Dua', NULL, '17', '2', '2,5', 'Hotel, restoran Nusa Dua', '4', NULL, NULL, NULL, NULL, NULL, NULL, NULL, NULL, 'System', '2021-07-18 03:20:44', NULL, NULL, '2021-07-17 19:20:44', '2021-07-17 19:20:44'),
(24, 'Pak komang adi ', '7', 'Komang Adi', 'Pemilik jasa sampah', '0812 3601 332', NULL, NULL, NULL, NULL, NULL, '2020-08-08', '1', 'Sukawati, Gianyar', NULL, NULL, 'Gianyar', '574', '23', '7', '13,15,17', 'JS, pengepul, BS di gianyar ', '5', '2', '1', 'Sanur', '6700233942', 'Nyoman Adi Artana', NULL, NULL, NULL, 'System', '2021-07-18 03:20:44', NULL, NULL, '2021-07-17 19:20:44', '2021-07-17 19:20:44'),
(25, 'Pak Kidul ', '7', 'Pak Kidul', 'Pemilik jasa sampah', '0813 5314 0787', NULL, NULL, NULL, NULL, NULL, '2020-01-01', '1', 'Jl. Palapa, Sesetan, Denpasar', '-8.707828146911226', '115.22502708029391', 'Sanur', '545', '55', '8', '2', 'Hotel Sanur', '5', '2', '1', NULL, '7445089419', 'Made Wiranatha', NULL, NULL, NULL, 'System', '2021-07-18 03:20:44', NULL, NULL, '2021-07-17 19:20:44', '2021-07-17 19:20:44'),
(26, 'Pak Moyo ', '7', 'Pak Moyo', 'Pemilik jasa sampah', '083119343997', NULL, NULL, NULL, NULL, NULL, '2020-09-09', '1', 'Jl. Pralina, Jagapati, Abiansemal, Badung', '-8.594599089886588', '115.23988628888544', 'Sanur, Kuta', '220', '21', '2', '2', 'Hotel Sanur, Kuta, Petitenget: 13', '5', '2', '1', NULL, '1461444852', 'I Made Mertayasa', NULL, NULL, NULL, 'System', '2021-07-18 03:20:44', NULL, NULL, '2021-07-17 19:20:44', '2021-07-17 19:20:44'),
(27, 'Pak Ponglo ', '7', 'Pak Ponglo', 'Pemilik jasa sampah', '081999142407', NULL, NULL, NULL, NULL, NULL, '2020-02-02', '1', 'Jl. Nagasari, Jagapati, Abiansemal, Badung', '-8.598762192798091', '115.23995008298185', 'Sanur, Ubud', '220', '21', '2', '2,5', 'Hotel, restoran di sanur / Ubud', '5', '2', '1', 'Sanur Raya', '6700278997', 'I Putu Pranayoga', NULL, NULL, NULL, 'System', '2021-07-18 03:20:44', NULL, NULL, '2021-07-17 19:20:44', '2021-07-17 19:20:44'),
(28, 'Pak Emon', '7', 'Pak Emon', 'Pemilik jasa sampah', '081237040674', NULL, NULL, NULL, NULL, NULL, '2020-02-02', '1', 'Jl. Banjar Sibang II, Jagapati, Abiansemal, Badung', '-8.596238174848915', '115.23921272301995', 'Kuta', '220', '21', '2', '2,8', 'Hotel di Kuta, Mall Level 21', '5', '1', NULL, NULL, NULL, NULL, NULL, NULL, NULL, 'System', '2021-07-18 03:20:44', NULL, NULL, '2021-07-17 19:20:44', '2021-07-17 19:20:44'),
(29, 'Pak Buki ', '7', 'Pak Buki', 'Pemilik jasa sampah', '085337655334', NULL, NULL, NULL, NULL, NULL, '2020-02-02', '1', 'Jl. Jabajero III, Jagapati, Abiansemal, Badung', '-8.602027171439415', '115.23985188324444', 'Sanur, Ubud', '220', '21', '2', '2,5', 'Hotel, restoran di Sanur, Ubud', '5', '1', NULL, NULL, NULL, NULL, NULL, NULL, NULL, 'System', '2021-07-18 03:20:44', NULL, NULL, '2021-07-17 19:20:44', '2021-07-17 19:20:44'),
(30, 'Pak Vina', '7', 'Pak Vina (I Wayan Sudarta)', 'Pemilik jasa sampah', '081999304651', NULL, 'Bu Vina', 'Pemilah', NULL, NULL, '2021-05-15', '1', 'Jl. Nagasari, Jagapati, Abiansemal, Badung', '-8.601608089828263', '115.23877467640916', 'Kebo Iwa', '220', '21', '2', '5', 'KFC, MCD, Restoran kecil di area Kebo Iwa', '5', '2', '3', 'Gadjah Mada Denpasar', '001701062730509', 'I Wayan Sudarta', NULL, NULL, NULL, 'System', '2021-07-18 03:20:44', NULL, NULL, '2021-07-17 19:20:44', '2021-07-17 19:20:44'),
(31, 'Ibu Nia', '7', 'Pak Nia', 'Pemilik jasa sampah', '087752425244', NULL, 'Bu Nia', 'Pemilah', NULL, NULL, '2021-05-15', '1', 'Jl. Jabajero III, Jagapati, Abiansemal, Badung', '-8.602423227724548', '115.23991704854751', 'Denpasar Utara', '220', '21', '2', '5', 'Restoran di area Denpasar Utara: 6', '5', '1', NULL, NULL, NULL, NULL, NULL, NULL, NULL, 'System', '2021-07-18 03:20:44', NULL, NULL, '2021-07-17 19:20:44', '2021-07-17 19:20:44'),
(32, 'Pak Sinta ', '7', 'Pak Sinta', 'Pemilik jasa sampah', '081338465990', NULL, NULL, NULL, NULL, NULL, '2020-01-01', '1', 'Tangeb,  Badung', '-8.594079912423377', '115.1582610559267', 'Kuta', NULL, '20', '2', '1,2', 'Desa, hotel, Rumah tangga ', '4', '2', '2', 'Denpasar', '0097546592', 'I Made Suastika', NULL, NULL, NULL, 'System', '2021-07-18 03:20:44', NULL, NULL, '2021-07-17 19:20:44', '2021-07-17 19:20:44'),
(33, 'ecoBali ', '4', 'Pak Ketut Mertaadi', 'Direktur', '085953819533', NULL, 'Pitria Menala', 'Staff', '081236870869', NULL, '2007-11-11', '1', 'Jl. Raya Padonan No 312, Tibubeneng', '-8.62631032867688', '115.16490388241118', 'Badung, Gianyar', '632', '19', '2', '1,3,5', 'SERVICE', '11', NULL, NULL, NULL, NULL, NULL, NULL, NULL, NULL, 'System', '2021-07-18 03:20:44', NULL, NULL, '2021-07-17 19:20:44', '2021-07-17 19:20:44'),
(34, 'Bali Wastu Lestari ', '1', 'Ibu Ria', 'Direktur', '0819 3625 6451', NULL, NULL, NULL, NULL, NULL, '2019-02-06', '1', 'Jl. A. Yani, Gg Garuda, Denpasar', '-8.62963693067041', '115.20872731971606', 'Klungkung, Bangli, Gianyar', '400', '58', '8', '17', 'BSU Klungkung, Bangli, Gianyar', '5', '2', '1', 'Gatot Subroto Denpasar', '6690318430', 'Ni Wayan Riawati SE', NULL, NULL, NULL, 'System', '2021-07-18 03:20:44', NULL, NULL, '2021-07-17 19:20:44', '2021-07-17 19:20:44'),
(35, 'BSSB ', '1', 'Ibu Wiwin', 'Staff', '0822 3756 4900', NULL, NULL, NULL, NULL, NULL, '2019-01-25', '1', 'Puspem, Sempidi, Badung', NULL, NULL, 'Badung', NULL, NULL, '2', '17', 'BSU di Kab Badung', '5', '1', NULL, NULL, NULL, NULL, NULL, NULL, NULL, 'System', '2021-07-18 03:20:44', NULL, NULL, '2021-07-17 19:20:44', '2021-07-17 19:20:44'),
(36, 'BSI E-darling Buleleng', '1', 'Pak Bagus Suwija', 'Direktur', '087762774330', NULL, 'Bu Merry', 'Sekretaris', '081338535710', NULL, '2021-03-25', '1', 'Jl. Satria dharma, desa tukad mungga buleleng', '-8.141', '115.056', 'Buleleng', NULL, '51', '9', '17', 'BSU di Kab Buleleng', '5', '1', NULL, NULL, NULL, NULL, NULL, NULL, NULL, 'System', '2021-07-18 03:20:44', NULL, NULL, '2021-07-17 19:20:44', '2021-07-17 19:20:44'),
(37, 'Griya Luhu', '1', 'Gus Nara', 'Direktur Bank Sampah', '0817554757', NULL, 'Dimas', 'Staff Logistik', '081246439569', NULL, '2021-04-27', '1', 'Jl. Merak-Gianyar, Beng, Gianyar', '-8.53106633159782', '115.32512839552076', 'Gianyar', NULL, '25', '7', '17', 'BSU di Kab Gianyar', '5', '2', '3', 'Gianyar', '024801009206560', 'Ida Bagus Mandhara Brasika', NULL, NULL, NULL, 'System', '2021-07-18 03:20:44', NULL, NULL, '2021-07-17 19:20:44', '2021-07-17 19:20:44'),
(38, 'Br Aseman Kangin Tibubeneng ', '2', 'Pak Made', 'Direktur Bank Sampah', '085338885661', NULL, 'Pak Ayura', 'Bendahara', '85737969263', NULL, '2017-06-02', '1', 'Jl. Aseman Bagus, Desa Tibubeneng, Kuta Utara', '-8.639185487866458,', '115.15983701435579', 'Banjar Aseman Kangin, Desa Tibubeneng', '632', '19', '2', '1', '105 KK', '4', '1', NULL, NULL, NULL, NULL, NULL, NULL, NULL, 'System', '2021-07-18 03:20:44', NULL, NULL, '2021-07-17 19:20:44', '2021-07-17 19:20:44'),
(39, 'Br Aseman Kawan Tibubeneng ', '2', 'Pak Gede Hardi', 'Direktur Bank Sampah', '085739906112', NULL, NULL, NULL, NULL, NULL, '2018-12-15', '1', 'Jl. Raya Padonan No.16, Tibubeneng, Kuta Utara', '-8.640117108864715', '115.15699038237797', 'Banjar Aseman Kawan, Desa Tibubeneng', '632', '19', '2', '1', '134 KK', '4', '1', NULL, NULL, NULL, NULL, NULL, NULL, NULL, 'System', '2021-07-18 03:20:44', NULL, NULL, '2021-07-17 19:20:44', '2021-07-17 19:20:44'),
(40, 'Br Kulibul Kawan Tibubeneng ', '2', 'Ibu Riska', 'Direktur Bank Sampah', '082146461033', NULL, NULL, NULL, NULL, NULL, '2018-09-30', '1', 'Jl. Danau Batur, Desa Tibubeneng, Kuta Utara', '-8.635107256670688', '115.1567673781265', 'Banjar Kulibul Kawan, Desa Tibubeneng', '632', '19', '2', '1', '157 KK', '4', '1', NULL, NULL, NULL, NULL, NULL, NULL, NULL, 'System', '2021-07-18 03:20:44', NULL, NULL, '2021-07-17 19:20:44', '2021-07-17 19:20:44'),
(41, 'Br Kulibul Kangin Tibubeneng', '2', 'Ibu Krisnawati', 'Direktur Bank Sampah', '087861648111', NULL, NULL, NULL, NULL, NULL, '2017-10-28', '1', 'Jl. Raya Padonan No.83, Tibubeneng, Kuta Utara', '-8.6342268563936', '115.16002894411555', 'Banjar Kulibul Kangin, Desa Tibubeneng', '632', '19', '2', '1', '125 KK', '4', '1', NULL, NULL, NULL, NULL, NULL, NULL, NULL, 'System', '2021-07-18 03:20:44', 'Deva Dwi A Edit', '2021-07-18 03:52:42', '2021-07-17 19:20:44', '2021-07-17 19:52:42'),
(42, 'Br Dawas Tibubeneng ', '2', 'Ibu Agung', 'Ketua PKK', '081338440688', NULL, 'Ibu Kadek lilik', 'Direktur Bank Sampah', '087862145975', NULL, '2018-10-21', '1', 'Jl. Raya Dawas, Tibubeneng, Kuta Utara', '-8.630318677620808', '115.16432977271847', 'Banjar Dawas, Desa Tibubeneng', '632', '19', '2', '1', '208 KK', '4', '1', NULL, NULL, NULL, NULL, NULL, NULL, NULL, 'System', '2021-07-18 03:20:44', NULL, NULL, '2021-07-17 19:20:44', '2021-07-17 19:20:44'),
(43, 'Br Tibubeneng Tibubeneng ', '2', 'Pak Sunada', 'Kelihan Dinas', '081338716890', NULL, 'Ibu Mangu', 'Staff penimbang', '087761015899', NULL, '2019-09-09', '1', 'Jl. Raya Padonan, Tibubeneng, Kuta Utara', '-8.630052762646557', '115.16128764080531', 'Banjar Tibubeneng, Desa Tibubeneng', '632', '19', '2', '1', '164 KK', '4', '1', NULL, NULL, NULL, NULL, NULL, NULL, NULL, 'System', '2021-07-18 03:20:44', NULL, NULL, '2021-07-17 19:20:44', '2021-07-17 19:20:44'),
(44, 'Br Tandeg Tibubeneng ', '2', 'Ibu Parta', 'Direktur Bank Sampah', '087860271634', NULL, NULL, NULL, NULL, NULL, '2018-11-11', '1', 'Jl. Pantai Berawa, Tibubeneng, Kuta Utara', '-8.644889682710836', '115.15304329402305', 'Banjar Tandeg, Desa Tibubeneng', '632', '19', '2', '1', '386 KK', '4', '1', NULL, NULL, NULL, NULL, NULL, NULL, NULL, 'System', '2021-07-18 03:20:44', NULL, NULL, '2021-07-17 19:20:44', '2021-07-17 19:20:44'),
(45, 'Br Pelambingan Tibubeneng ', '2', 'Pak Gusde', 'Direktur Bank Sampah', '081236151928', NULL, NULL, NULL, NULL, NULL, '2018-12-16', '1', 'Jl. Pantai Berawa, Tibubeneng, Kuta Utara', '-8.651932136833507', '115.15146700276794', 'Banjar Pelambingan, Desa Tibubeneng', '632', '19', '2', '1', '254 KK', '4', '1', NULL, NULL, NULL, NULL, NULL, NULL, NULL, 'System', '2021-07-18 03:20:44', NULL, NULL, '2021-07-17 19:20:44', '2021-07-17 19:20:44'),
(46, 'Br Canggu Permai Tibubeneng ', '2', 'Ibu Ayu', 'Direktur Bank Sampah', '081337053069', NULL, NULL, NULL, NULL, NULL, '2020-02-02', '1', 'Jl. Canggu Permai IV No.2, Tibubeneng, Kuta Utara', '-8.649242184668388', '115.14754577073293', 'Banjar Canggu Permai, Desa Tibubeneng', '632', '19', '2', '1', '560 KK', '4', '1', NULL, NULL, NULL, NULL, NULL, NULL, NULL, 'System', '2021-07-18 03:20:44', NULL, NULL, '2021-07-17 19:20:44', '2021-07-17 19:20:44'),
(47, 'Br Krisnantara Tibubeneng ', '2', 'Ibu Daniel', 'Direktur Bank Sampah', '08123616547', NULL, NULL, NULL, NULL, NULL, '2018-12-01', '1', 'Jl. Krisnantara, Tibubeneng, Kuta Utara', '-8.648195111587238', '115.14733454984562', 'Banjar Krisnantara, Desa Tibubeneng', '632', '19', '2', '1', '133 KK', '4', '1', NULL, NULL, NULL, NULL, NULL, NULL, NULL, 'System', '2021-07-18 03:20:44', NULL, NULL, '2021-07-17 19:20:44', '2021-07-17 19:20:44'),
(48, 'Br Dukuh Pandean Munggu ', '2', 'Ibu Dewi', 'Direktur Bank Sampah', '087788450693', NULL, 'Ibu Yolan', 'Bendahara', '087765544206', NULL, '2019-06-06', '1', 'Jl. Abimanyu No.88, Munggu, Mengwi', '-8.619270960931825', '115.11974063994104', 'Banjar Dukuh Pandean, Desa Munggu', '355', '20', '2', '1', '144 KK', '4', '1', NULL, NULL, NULL, NULL, NULL, NULL, NULL, 'System', '2021-07-18 03:20:44', NULL, NULL, '2021-07-17 19:20:44', '2021-07-17 19:20:44'),
(49, 'Br Dukuh Sengguan Munggu ', '2', 'Ibu Lusia', 'Direktur Bank Sampah', '085792251361', NULL, NULL, NULL, NULL, NULL, '2019-06-06', '1', 'Jl. Abimanyu, Munggu, Mengwi', '-8.61963181360015', '115.12139691376274', 'Banjar Dukuh Sengguan, Desa Munggu', '355', '20', '2', '1', '212 KK', '4', '1', NULL, NULL, NULL, NULL, NULL, NULL, NULL, 'System', '2021-07-18 03:20:44', NULL, NULL, '2021-07-17 19:20:44', '2021-07-17 19:20:44'),
(50, 'Br Pempatan Munggu ', '2', 'Ibu Linda', 'Direktur Bank Sampah', '081239023777', NULL, NULL, NULL, NULL, NULL, '2019-06-06', '1', 'Desa Munggu, Mengwi', '-8.62062046590819', '115.12611555540863', 'Banjar Pempatan, Desa Munggu', '355', '20', '2', '1', '102 KK', '4', '1', NULL, NULL, NULL, NULL, NULL, NULL, NULL, 'System', '2021-07-18 03:20:44', NULL, NULL, '2021-07-17 19:20:44', '2021-07-17 19:20:44'),
(51, 'Br  Pandean Munggu ', '2', 'Ibu Sudiartini', 'Direktur Bank Sampah', '081339374355', NULL, NULL, NULL, NULL, NULL, '2019-06-06', '1', 'Desa Munggu, Mengwi', '-8.619232940549752', '115.12724353394897', 'Banjar  Pandean, Desa Munggu', '355', '20', '2', '1', '67 KK', '4', '1', NULL, NULL, NULL, NULL, NULL, NULL, NULL, 'System', '2021-07-18 03:20:44', NULL, NULL, '2021-07-17 19:20:44', '2021-07-17 19:20:44'),
(52, 'Br Pengayehan Munggu ', '2', 'Ibu Rusmini', 'Direktur Bank Sampah', '081805671112', NULL, NULL, NULL, NULL, NULL, '2019-07-07', '1', 'Desa Munggu, Mengwi', '-8.614731083908417', '115.12904373940499', 'Banjar Pengayeahan, Desa Munggu', '355', '20', '2', '1', '89 KK', '4', '1', NULL, NULL, NULL, NULL, NULL, NULL, NULL, 'System', '2021-07-18 03:20:44', NULL, NULL, '2021-07-17 19:20:44', '2021-07-17 19:20:44'),
(53, 'Br Pande Pemaron Munggu ', '2', 'Ibu Sintya ', 'Direktur Bank Sampah', '08873654383', NULL, NULL, NULL, NULL, NULL, '2019-06-06', '1', 'Desa Munggu, Mengwi', '-8.613085444937294', '115.13076789402277', 'Banjar Pande Pemaron, Desa Munggu', '355', '20', '2', '1', '65 KK', '4', '1', NULL, NULL, NULL, NULL, NULL, NULL, NULL, 'System', '2021-07-18 03:20:44', NULL, NULL, '2021-07-17 19:20:44', '2021-07-17 19:20:44'),
(54, 'Br Pemaron Delodan Munggu ', '2', 'Ibu Sriasih', 'Direktur Bank Sampah', '087761160100', NULL, 'Ibu Yulianingsih', 'Bendahara', '081936282021', NULL, '2019-06-06', '1', 'Jl. Raya Munggu-Kapal No.24, Munggu, Mengwi', '-8.613117375532413', '115.13144643861646', 'Banjar Pemaron Delodan, Desa Munggu', '355', '20', '2', '1', '53 KK', '4', '1', NULL, NULL, NULL, NULL, NULL, NULL, NULL, 'System', '2021-07-18 03:20:44', NULL, NULL, '2021-07-17 19:20:44', '2021-07-17 19:20:44'),
(55, 'Br Pemaron Munggu ', '2', 'Ibu Dayu', 'Direktur Bank Sampah', '085792458344', NULL, NULL, NULL, NULL, NULL, '2019-06-06', '1', 'Jl. Raya Munggu-Kapal, Munggu, Mengwi', '-8.611012591183979', '115.13343577073252', 'Banjar Pemaron, Desa Munggu', '355', '20', '2', '1', '100 KK', '4', '1', NULL, NULL, NULL, NULL, NULL, NULL, NULL, 'System', '2021-07-18 03:20:44', NULL, NULL, '2021-07-17 19:20:44', '2021-07-17 19:20:44'),
(56, 'Br Gambang Munggu ', '2', 'Ibu Gusti Resniati', 'Direktur Bank Sampah', '081936024236', NULL, NULL, NULL, NULL, NULL, '2019-07-07', '1', 'Desa Munggu, Mengwi', '-8.61694700576356', '115.12766724330017', 'Banjar Gambang, Desa Munggu', '355', '20', '2', '1', '235 KK', '4', '1', NULL, NULL, NULL, NULL, NULL, NULL, NULL, 'System', '2021-07-18 03:20:44', NULL, NULL, '2021-07-17 19:20:44', '2021-07-17 19:20:44'),
(57, 'Br Pasekan Munggu ', '2', 'Ibu Ketut Sri Wiadi', 'Direktur Bank Sampah', '085237170123', NULL, NULL, NULL, NULL, NULL, '2019-06-06', '1', 'Jl. Raya Munggu-Kapal, Munggu, Mengwi', '-8.619612412072502', '115.12745899186122', 'Banjar Pasekan, Desa Munggu', '355', '20', '2', '1', '50 KK', '4', '1', NULL, NULL, NULL, NULL, NULL, NULL, NULL, 'System', '2021-07-18 03:20:44', NULL, NULL, '2021-07-17 19:20:44', '2021-07-17 19:20:44'),
(58, 'Br Kerobokan Munggu ', '2', 'Ibu Oka ', 'Direktur Bank Sampah', '081237474872', NULL, NULL, NULL, NULL, NULL, '2019-07-07', '1', 'Jl. Raya Munggu-Kapal, Munggu, Mengwi', '-8.618607263253887', '115.12826110236038', 'Banjar Kerobokan, Desa Munggu', '355', '20', '2', '1', '84 KK', '4', '1', NULL, NULL, NULL, NULL, NULL, NULL, NULL, 'System', '2021-07-18 03:20:44', NULL, NULL, '2021-07-17 19:20:44', '2021-07-17 19:20:44'),
(59, 'Br Badung Munggu ', '2', 'Ibu Kadek Darmini', 'Direktur Bank Sampah', '081337967189', NULL, NULL, NULL, NULL, NULL, '2019-07-07', '1', 'Jl. Raya Munggu-Kapal, Munggu, Mengwi', '-8.615839549242313', '115.12968724575553', 'Banjar Badung, Desa Munggu', '355', '20', '2', '1', '150 KK', '4', '1', NULL, NULL, NULL, NULL, NULL, NULL, NULL, 'System', '2021-07-18 03:20:44', NULL, NULL, '2021-07-17 19:20:44', '2021-07-17 19:20:44'),
(60, 'Br Sedahan Munggu ', '2', 'Ibu Bagas', 'Direktur Bank Sampah', '081338645308', NULL, 'Ibu Tia', 'Bendahara', '087759021044', NULL, '2019-06-06', '1', 'Jl. Raya Munggu-Kapal, Munggu, Mengwi', '-8.621762178100484', '115.12641917867249', 'Banjar Sedahan, Desa Munggu', '355', '20', '2', '1', '151 KK', '4', '1', NULL, NULL, NULL, NULL, NULL, NULL, NULL, 'System', '2021-07-18 03:20:44', NULL, NULL, '2021-07-17 19:20:44', '2021-07-17 19:20:44'),
(61, 'Br Kayu Tulang Canggu', '2', 'Ibu Ketut Muliati', 'Direktur Bank Sampah', '087862000137', NULL, NULL, NULL, NULL, NULL, '2019-09-09', '1', 'Jl. Raya Kayutulang No.19, Canggu, Kuta Utara', '-8.636520805786317', '115.1486855603088', 'Banjar Kayu Tulang, Desa Canggu', '149', '19', '2', '1', '97 K', '4', '1', NULL, NULL, NULL, NULL, NULL, NULL, NULL, 'System', '2021-07-18 03:20:44', NULL, NULL, '2021-07-17 19:20:44', '2021-07-17 19:20:44'),
(62, 'Br Padang Linjong Canggu', '2', 'Ibu Serly ', 'Direktur Bank Sampah', '081238937408', NULL, NULL, NULL, NULL, NULL, '2019-07-07', '1', 'Jl. Raya Padang Linjong, Canggu, Kuta Utara', '-8.643536933587653', '115.13775939696039', 'Banjar Padang Linjong, Desa Canggu', '149', '19', '2', '1', '191 KK', '4', '1', NULL, NULL, NULL, NULL, NULL, NULL, NULL, 'System', '2021-07-18 03:20:44', NULL, NULL, '2021-07-17 19:20:44', '2021-07-17 19:20:44'),
(63, 'Br Padang Tawang Canggu', '2', 'Pak Oka ', 'Kelihan Dinas', '085646928005', NULL, 'Ibu Rai Anna', 'Direktur Bank Sampah', '082145421231', NULL, '2019-10-10', '1', 'Jl. Padang Tawang No.27, Canggu, Kuta Utara', '-8.619294617180115', '115.15576615908748', 'Banjar Padang Tawang, Desa Canggu', '149', '19', '2', '1', '118 KK', '4', '1', NULL, NULL, NULL, NULL, NULL, NULL, NULL, 'System', '2021-07-18 03:20:44', NULL, NULL, '2021-07-17 19:20:44', '2021-07-17 19:20:44'),
(64, 'Br Pipitan Canggu', '2', 'Ibu Rini ', 'Direktur Bank Sampah', '081918077591', NULL, 'Pak Aryatna', 'Kelihan Dinas', '082147500455', NULL, '2019-10-10', '1', 'Jl. Raya Batubolong, Canggu, Kuta Utara', '-8.63784321531217', '115.14655930936493', 'Banjar Pipitan, Desa Canggu', '149', '19', '2', '1', '115 KK', '4', '1', NULL, NULL, NULL, NULL, NULL, NULL, NULL, 'System', '2021-07-18 03:20:44', NULL, NULL, '2021-07-17 19:20:44', '2021-07-17 19:20:44'),
(65, 'Br Canggu Canggu', '2', 'Ibu Nuriani', 'Direktur Bank Sampah', '081338410678', NULL, 'Pak Made Artika', 'Kelihan Dinas', '085739661213', NULL, '2019-09-09', '1', 'Jl. Pantai Batu Bolong St No.43B, Canggu', '-8.648297344892498', '115.138722935294', 'Banjar Canggu, Desa Canggu', '149', '19', '2', '1', '283 KK', '4', '1', NULL, NULL, NULL, NULL, NULL, NULL, NULL, 'System', '2021-07-18 03:20:44', NULL, NULL, '2021-07-17 19:20:44', '2021-07-17 19:20:44'),
(66, 'Br Umabuluh Canggu', '2', 'Ibu Rai ', 'Direktur Bank Sampah', '087760183092', NULL, 'Ibu Made Ari ', 'Direktur Bank Sampah', '082340842711', NULL, '2019-09-09', '1', 'Jl. Pura Wates No.5, Canggu, Kuta Utara', '-8.632888145927327', '115.15236992951975', 'Banjar Uma Buluh, Desa Canggu', '149', '19', '2', '1', '160 KK', '4', '1', NULL, NULL, NULL, NULL, NULL, NULL, NULL, 'System', '2021-07-18 03:20:44', NULL, NULL, '2021-07-17 19:20:44', '2021-07-17 19:20:44'),
(67, 'Br Babakan Canggu', '2', NULL, NULL, '081338619606', NULL, NULL, NULL, NULL, NULL, '2019-10-10', '1', 'Jl. Raya Babakan Canggu, Canggu, Kuta Utara', '-8.626813482039756', '115.15342079956815', 'Banjar Babakan, Desa Canggu', '149', '19', '2', '1', '420 KK', '4', '1', NULL, NULL, NULL, NULL, NULL, NULL, NULL, 'System', '2021-07-18 03:20:44', NULL, NULL, '2021-07-17 19:20:44', '2021-07-17 19:20:44'),
(68, 'Br Beluran Kerobokan kaja ', '2', NULL, NULL, '089605901100', NULL, NULL, NULL, NULL, NULL, '2020-02-02', '1', 'Kerobokan Kaja, North Kuta', '-8.639830753599899', '115.16986014310763', 'Banjar Beluran,kerobokan, Desa kaja', '272', '19', '2', '1', '80 KK', '4', '1', NULL, NULL, NULL, NULL, NULL, NULL, NULL, 'System', '2021-07-18 03:20:44', NULL, NULL, '2021-07-17 19:20:44', '2021-07-17 19:20:44'),
(69, 'Br Babakan Kerobokan Kaja', '2', NULL, NULL, '082145322416', NULL, NULL, NULL, NULL, NULL, '2020-02-02', '1', 'Jl. Wy Gebyag, Kerobokan Kaja, Kuta Utara', '-8.639726329457305', '115.17164690884852', 'Banjar Babakan,Kerobokan, Desa Kaja', '272', '19', '2', '1', '77 KK', '4', '1', NULL, NULL, NULL, NULL, NULL, NULL, NULL, 'System', '2021-07-18 03:20:44', NULL, NULL, '2021-07-17 19:20:44', '2021-07-17 19:20:44'),
(70, 'Br Jambe Kerobokan Kaja', '2', NULL, NULL, '081916228282', NULL, NULL, NULL, NULL, NULL, '2020-03-03', '1', 'Jl. Raya Kerobokan, Kerobokan Kaja, Kuta Utara', '-8.642778661698667', '115.17259594259198', 'Banjar Jambe,Kerobokan, Desa Kaja', '272', '19', '2', '1', '139 KK', '4', '1', NULL, NULL, NULL, NULL, NULL, NULL, NULL, 'System', '2021-07-18 03:20:44', NULL, NULL, '2021-07-17 19:20:44', '2021-07-17 19:20:44'),
(71, 'Br Gadon Kerobokan Kaja', '2', 'Ibu Eka', 'Direktur Bank Sampah', '087862167452', NULL, NULL, NULL, NULL, NULL, '2020-03-03', '1', 'Jl. Raya Gadon, Kerobokan Kaja, Kuta Utara', '-8.643171080346336', '115.17080526125227', 'Banjar Gadon,Kerobokan, Desa Kaja', '272', '19', '2', '1', '90 KK', '4', '1', NULL, NULL, NULL, NULL, NULL, NULL, NULL, 'System', '2021-07-18 03:20:44', NULL, NULL, '2021-07-17 19:20:44', '2021-07-17 19:20:44'),
(72, 'Br Batu Culug Kerobokan Kaja', '2', 'Ibu Dyah', 'Direktur Bank Sampah', '082145085799', NULL, NULL, NULL, NULL, NULL, NULL, '1', NULL, NULL, NULL, 'Banjar Batu Culug,Kerobokan, Desa Kaja', '272', '19', '2', '1', '123 KK', '4', '1', NULL, NULL, NULL, NULL, NULL, NULL, NULL, 'System', '2021-07-18 03:20:44', NULL, NULL, '2021-07-17 19:20:44', '2021-07-17 19:20:44'),
(73, 'Br Bumi Kerta Kerobokan Kaja', '2', NULL, NULL, '085739009583', NULL, NULL, NULL, NULL, NULL, NULL, '1', 'Kerobokan Kaja, Kuta Utara', '-8.634259448980464', '115.16673164430024', 'Banjar Bumi Kerta,Kerobokan, Desa Kaja', '272', '19', '2', '1', NULL, '4', '1', NULL, NULL, NULL, NULL, NULL, NULL, NULL, 'System', '2021-07-18 03:20:44', NULL, NULL, '2021-07-17 19:20:44', '2021-07-17 19:20:44'),
(74, 'Br Bhuana santhi Kerobokan Kaja', '2', NULL, NULL, '081236011338', NULL, NULL, NULL, NULL, NULL, NULL, '1', NULL, NULL, NULL, 'Banjar Bhuana santhi,Kerobokan, Desa Kaja', '272', '19', '2', '1', '92 KK', '4', '1', NULL, NULL, NULL, NULL, NULL, NULL, NULL, 'System', '2021-07-18 03:20:44', NULL, NULL, '2021-07-17 19:20:44', '2021-07-17 19:20:44'),
(75, 'Br Bhuana Graha Kerobokan Kaja', '2', NULL, NULL, '082144879930', NULL, NULL, NULL, NULL, NULL, NULL, '1', NULL, NULL, NULL, 'Banjar Bhuana Graha,Kerobokan, Desa Kaja', '272', '19', '2', '1', '70 KK', '4', '1', NULL, NULL, NULL, NULL, NULL, NULL, NULL, 'System', '2021-07-18 03:20:44', NULL, NULL, '2021-07-17 19:20:44', '2021-07-17 19:20:44'),
(76, 'Br Campuan Asri Kangin Kerobokan Kaja', '2', 'Ibu Tyas', 'Direktur Bank Sampah', '088219058377', NULL, NULL, NULL, NULL, NULL, '2020-03-03', '1', NULL, NULL, NULL, 'Banjar Batu Bidak,Kerobokan, Desa Kaja', '272', '19', '2', '1', '137 KK', '4', '1', NULL, NULL, NULL, NULL, NULL, NULL, NULL, 'System', '2021-07-18 03:20:44', NULL, NULL, '2021-07-17 19:20:44', '2021-07-17 19:20:44'),
(77, 'Br Mengening Cemagi', '2', 'Ibu Ni Nyoman Sureni ', 'Ketua PKK', '081246185040', NULL, 'Ibu David', NULL, '081238306739', NULL, '2021-05-05', '1', 'Jl. Pantai Mengening, Cemagi, Mengwi', '-8.632210228750258', '115.10914461461574', 'Banjar Mengening, Desa Cemagi', '156', '20', '2', '1', '131 KK', '4', '1', NULL, NULL, NULL, NULL, NULL, NULL, NULL, 'System', '2021-07-18 03:20:44', NULL, NULL, '2021-07-17 19:20:44', '2021-07-17 19:20:44'),
(78, 'Br Kaja Kangin Cemagi', '2', 'Ibu Ketut Suryantini', 'Direktur Bank Sampah', '081239891203', NULL, NULL, NULL, NULL, NULL, '2020-11-11', '1', 'Desa Cemagi, Mengwi', '-8.623602290093613', '115.11904743689428', 'Banjar Kaja Kangin, Desa Cemagi', '156', '20', '2', '1', '114 KK', '4', '1', NULL, NULL, NULL, NULL, NULL, NULL, NULL, 'System', '2021-07-18 03:20:44', NULL, NULL, '2021-07-17 19:20:44', '2021-07-17 19:20:44'),
(79, 'Br Sangiangan Cemagi', '2', 'Ibu Dewa Ketut Santiari', 'Direktur Bank Sampah', '085857099479', NULL, NULL, NULL, NULL, NULL, '2020-12-12', '1', 'Jl. Pantai Seseh, Cemagi, Mengwi', '-8.628017469400426', '115.11631463735014', 'Banjar Sangiangan, Desa Cemagi', '156', '20', '2', '1', '49 KK', '4', '1', NULL, NULL, NULL, NULL, NULL, NULL, NULL, 'System', '2021-07-18 03:20:44', NULL, NULL, '2021-07-17 19:20:44', '2021-07-17 19:20:44'),
(80, 'Br Tangkeban Cemagi', '2', 'Ibu Gusti Ayu Indra', 'Direktur Bank Sampah', '081236316620', NULL, NULL, NULL, NULL, NULL, NULL, '1', 'Desa Cemagi, Kec. Mengwi', '-8.626423626684614', '115.11688719585445', 'Banjar Tangkeban, Desa Cemagi', '156', '20', '2', '1', '103 KK', '4', '1', NULL, NULL, NULL, NULL, NULL, NULL, NULL, 'System', '2021-07-18 03:20:44', NULL, NULL, '2021-07-17 19:20:44', '2021-07-17 19:20:44'),
(81, 'Br Batan Tanjung Cemagi', '2', 'Ibu Gusti Ayu Erawati', 'Direktur Bank Sampah', '082145758110', NULL, NULL, NULL, NULL, NULL, NULL, '1', 'Jl. Pantai Seseh, Cemagi, Mengwi', '-8.62372886567287', '115.11591613080657', 'Banjar Batan Tanjung, Desa Cemagi', '156', '20', '2', '1', '122 KK', '4', '1', NULL, NULL, NULL, NULL, NULL, NULL, NULL, 'System', '2021-07-18 03:20:44', NULL, NULL, '2021-07-17 19:20:44', '2021-07-17 19:20:44'),
(82, 'Br Sogsogan Cemagi', '2', 'Ibu Ketut', 'Ketua PKK', '081238657669', NULL, NULL, NULL, NULL, NULL, '2020-11-11', '1', NULL, NULL, NULL, 'Banjar Sogsogan, Desa Cemagi', '156', '20', '2', '1', '45 KK', '4', '1', NULL, NULL, NULL, NULL, NULL, NULL, NULL, 'System', '2021-07-18 03:20:44', NULL, NULL, '2021-07-17 19:20:44', '2021-07-17 19:20:44'),
(83, 'Br Petapan Cemagi', '2', 'Ibu Putu Emi ', 'Direktur Bank Sampah', '082147473995', NULL, NULL, NULL, NULL, NULL, '2021-05-28', '1', 'Jl. Pantai Mengening, Cemagi, Mengwi', '-8.62613323675334', '115.11525842379595', 'Banjar Petapan, Desa Cemagi', '156', '20', '2', '1', '82 KK', '4', '1', NULL, NULL, NULL, NULL, NULL, NULL, NULL, 'System', '2021-07-18 03:20:44', NULL, NULL, '2021-07-17 19:20:44', '2021-07-17 19:20:44'),
(84, 'Br Sengguan Cemagi', '2', 'Ibu Putu Marthiani', 'Direktur Bank Sampah', '082146955415', NULL, NULL, NULL, NULL, NULL, NULL, '1', 'Jl. Pantai Mengening, Cemagi, Mengwi', '-8.625935659031216', '115.11514382140025', 'Banjar Sengguan, Desa Cemagi', '156', '20', '2', '1', '67 KK', '4', '1', NULL, NULL, NULL, NULL, NULL, NULL, NULL, 'System', '2021-07-18 03:20:44', NULL, NULL, '2021-07-17 19:20:44', '2021-07-17 19:20:44'),
(85, 'Br Bale Agung Cemagi', '2', 'Ibu Ni Luh Sukarti', 'Direktur Bank Sampah', '081237913731', NULL, 'Pak Kelian', 'Kelihan Dinas', '081913848537', NULL, NULL, '1', 'Jl. Pantai Mengening, Cemagi, Mengwi, ', '-8.62473141836668', '115.11697228204882', 'Banjar Bale Agung, Desa Cemagi', '156', '20', '2', '1', '122 KK', '4', '1', NULL, NULL, NULL, NULL, NULL, NULL, NULL, 'System', '2021-07-18 03:20:44', NULL, NULL, '2021-07-17 19:20:44', '2021-07-17 19:20:44'),
(86, 'Br Keliki Cemagi', '2', 'Ibu Nyoman Sumanthi', 'Direktur Bank Sampah', '081338100604', NULL, 'Ibu Ni Made Julaini', NULL, '081246576727', NULL, '2021-05-19', '1', 'Jl. Pantai Seseh, Cemagi, Mengwi', '-8.625317507808866', '115.1171949193785', 'Banjar Keliki, Desa Cemagi', '156', '20', '2', '1', '101 KK', '4', '1', NULL, NULL, NULL, NULL, NULL, NULL, NULL, 'System', '2021-07-18 03:20:44', NULL, NULL, '2021-07-17 19:20:44', '2021-07-17 19:20:44'),
(87, 'Br Seseh Cemagi', '2', 'Ni Nyoman Adiani', 'Direktur Bank Sampah', '081338341725', NULL, NULL, NULL, NULL, NULL, '2021-04-30', '1', 'Jl. Pantai Seseh No.1, Cemagi, Mengwi', '-8.64542076534685', '115.1153046495144', 'Banjar Seseh, Desa Cemagi', '156', '20', '2', '1', '95 KK', '4', '1', NULL, NULL, NULL, NULL, NULL, NULL, NULL, 'System', '2021-07-18 03:20:44', NULL, NULL, '2021-07-17 19:20:44', '2021-07-17 19:20:44'),
(88, 'Br Pengayehan Cemagi', '2', 'Ibu Ni Putu Widiari', 'Direktur Bank Sampah', '085100885687', NULL, NULL, NULL, NULL, NULL, '2021-05-05', '1', 'Jl. Sukunan No.2, Cemagi, Mengwi', '-8.629481458504355', '115.11501854014374', 'Banjar Pengayehan, Desa Cemagi', '156', '20', '2', '1', '64KK', '4', '1', NULL, NULL, NULL, NULL, NULL, NULL, NULL, 'System', '2021-07-18 03:20:44', NULL, NULL, '2021-07-17 19:20:44', '2021-07-17 19:20:44'),
(89, 'PT Berkat Daur ulang ', '3', 'Pak Widodo', 'Koordinator gudang', '081249445191', NULL, 'Bu Nengah / Pak Dewa', 'Koordinatro Toss Centre / Tenaga pemilah di gudang gatot subroto', '087865616298 / 087856691332', NULL, '2020-11-11', '1', 'Br. Karangdadi, Kusamba, Klungkung', '-8.568290549614563', '115.44691508034383', 'Klungkung', '288', NULL, '4', '11', 'TOSS Center/ sampah kota Semarapura', '5', '2', '1', NULL, '6690662777', 'CV Bakti Bumi Berseri', NULL, NULL, NULL, 'System', '2021-07-18 03:20:44', NULL, NULL, '2021-07-17 19:20:44', '2021-07-17 19:20:44'),
(90, 'Gusto Gelato', '3', 'Pak Komang', 'Staff', '085101571198', NULL, NULL, NULL, NULL, NULL, '2016-06-06', '4', 'Jl. Mertanadi No.46B, Kuta Utara', '-8.67961848047755', '115.16808387868153', 'Gusto Gelato', '271', '19', '2', '0', 'Unit usaha gelato', '3', '1', NULL, NULL, NULL, NULL, NULL, NULL, NULL, 'System', '2021-07-18 03:20:44', NULL, NULL, '2021-07-17 19:20:44', '2021-07-17 19:20:44'),
(91, 'Bread and Jam', '3', 'Bu Marina', 'Staff', '08123647595', NULL, NULL, NULL, NULL, NULL, '2018-07-07', '1', 'Jl. Sadasari, Gg. Klp. Jl. Kubu Anyar No.11', '-8.73232455371197', '115.17340421835895', 'Bisnis: Bread and Jam', '289', '18', '2', '0', 'Unit usaha restoran', '2', '2', '1', NULL, '1461288371', 'Mariana Hiriyati', NULL, NULL, NULL, 'System', '2021-07-18 03:20:44', NULL, NULL, '2021-07-17 19:20:44', '2021-07-17 19:20:44'),
(92, 'Milk Up', '3', 'Ibu Eli', 'Staff', '081236343313', NULL, 'Desak Gede Wisna Lestari Dewi', 'Direktur', NULL, NULL, '2021-08-20', '8', 'Jl. Kebak sari no 9', '-8.686937028671105', '115.19011334706768', 'Bisnis: Milk Up', NULL, '57', '8', '0', 'Unit usaha yoghurt', '3', '2', '6', NULL, '1750000642487', 'Aneka Makanan Bali', NULL, NULL, NULL, 'System', '2021-07-18 03:20:44', NULL, NULL, '2021-07-17 19:20:44', '2021-07-17 19:20:44'),
(93, 'Rumah Sanur ', '3', NULL, NULL, NULL, NULL, NULL, NULL, NULL, NULL, '2016-07-07', '1', 'Jl. Danau Poso No.51A, Sanur', '-8.70445624651677', '115.25905157498472', 'Bisnis: Rumah Sanur', '500', '55', '8', '0', 'Unit usaha restoran', '11', NULL, NULL, NULL, NULL, NULL, NULL, NULL, NULL, 'System', '2021-07-18 03:20:44', NULL, NULL, '2021-07-17 19:20:44', '2021-07-17 19:20:44'),
(94, 'Finn\'s Recreation ', '3', 'Ibu Arik', 'Staff', '085739304027', NULL, NULL, NULL, NULL, NULL, '2017-09-09', '1', 'Jl. Pantai Berawa Canggu, Tibubeneng', '-8.66229217196632', '115.14806890296778', 'Bisnis: Finn\'s Recreation', '632', '19', '2', '0', 'Unit usaha pariwisata', '3', '1', NULL, NULL, NULL, NULL, NULL, NULL, NULL, 'System', '2021-07-18 03:20:44', NULL, NULL, '2021-07-17 19:20:44', '2021-07-17 19:20:44'),
(95, 'Oka\'s Bakery ', '3', 'Ibu Oka ', 'Pemilik usaha', '08123906132', NULL, NULL, NULL, NULL, NULL, '2017-10-10', '1', 'Jl. Pantai Batu Bolong No.27A', '-8.646714276642946', '115.1408643688845', 'Bisnis: Oka\'s Bakery', '632', '19', '2', '0', 'Unit usaha roti kue', '2', '2', '6', 'Kuta Utara', '1450005671918', 'Ni Ketut Lisyawati', NULL, NULL, NULL, 'System', '2021-07-18 03:20:44', NULL, NULL, '2021-07-17 19:20:44', '2021-07-17 19:20:44'),
(96, 'Gelato Secret ', '3', 'Pak Komang Sutirta', 'Staff', '081805691555', NULL, NULL, NULL, NULL, NULL, '2018-08-01', '1', 'Jl. Campuhan III, Singakerta, Ubud', '-8.524038068452882', '115.24939994170066', 'Bisnis: Gelato Secret', '664', '27', '7', '0', 'Unit usaha gelato', '2', '1', NULL, NULL, NULL, NULL, NULL, NULL, NULL, 'System', '2021-07-18 03:20:44', NULL, NULL, '2021-07-17 19:20:44', '2021-07-17 19:20:44'),
(97, 'Paletas Wey', '3', 'Pak Agus', 'Staff pembelian', '081337670562', NULL, 'Pak Made', 'Staff keamanan', '081239231623', NULL, '2019-01-10', '2', 'Jl. Cargo Taman II No.38, Ubung Kaja, Denpasar Utara', '-8.621943819322587', '115.19356720087272', 'Bisnis: Paletas Wey', NULL, '58', '8', '0', 'Unit usaha es krim', '3', '1', NULL, NULL, NULL, NULL, NULL, NULL, NULL, 'System', '2021-07-18 03:20:44', NULL, NULL, '2021-07-17 19:20:44', '2021-07-17 19:20:44'),
(98, 'Gelato Factory ', '3', 'Ibu Sulis', 'Staff', '085646919890', NULL, NULL, NULL, NULL, NULL, '2017-07-07', '4', 'Jl. Muding Batu Sangian', '-8.638087', '115.177922', 'Bisnis: Gelato Factory', NULL, '19', '2', '0', 'Unit usaha gelato', '3', '1', NULL, NULL, NULL, NULL, NULL, NULL, NULL, 'System', '2021-07-18 03:20:44', NULL, NULL, '2021-07-17 19:20:44', '2021-07-17 19:20:44'),
(99, 'Role Foundation ', '3', 'Ibu Nevy', 'Staff', '085348497525', NULL, NULL, NULL, NULL, NULL, '2020-08-08', '1', 'Jl. Siligita Jl. Raya Nusa Dua Selatan No.22, Benoa', '-8.801598736956779', '115.21752088186045', 'Bisnis: Role Foundation', NULL, '17', '2', '0', 'Aktivitas role foundation', '3', '2', '14', 'Nusa Dua', '5801231804', 'Yayasan Role Bali', NULL, NULL, NULL, 'System', '2021-07-18 03:20:44', NULL, NULL, '2021-07-17 19:20:44', '2021-07-17 19:20:44'),
(100, 'Monsieur Spoon ', '3', 'Pak Sukariana', 'Customer Service', '081907097421', NULL, NULL, NULL, NULL, NULL, '2019-09-09', '2', 'Jl. Pantai Pererenan No.164, Pererenan, Mengwi', '-8.6493872915471', '115.12347976703605', 'Bisnis: Monsieur Spoon', '447', '20', '2', '0', 'Unit usaha restoran', '7', '1', NULL, NULL, NULL, NULL, NULL, NULL, NULL, 'System', '2021-07-18 03:20:44', NULL, NULL, '2021-07-17 19:20:44', '2021-07-17 19:20:44'),
(101, 'Sundays coffee', '3', 'Pak John', 'Pemilik usaha', '081907097421', NULL, 'Ibu Lia', 'Staff', '081238980102', NULL, '2021-02-22', '2', 'Jl. Raya Sempidi Badung No.49, Sempidi', '-8.605491114280568', '115.181760586244', 'Bisnis: Sundays coffee', '531', '20', '2', '0', 'Unit usaha coffee shop', '3', '1', NULL, NULL, NULL, NULL, NULL, NULL, NULL, 'System', '2021-07-18 03:20:44', NULL, NULL, '2021-07-17 19:20:44', '2021-07-17 19:20:44'),
(102, 'Aid hub', '3', 'Pak Chandra', 'Staff', '081246675031', NULL, NULL, NULL, NULL, NULL, '2021-02-08', '4', 'Jl. Bumbak No.71, Kerobokan', '-8.653131806543424', '115.15450842285856', 'Bisnis: Aid Hub', '271', '19', '2', '0', 'Aktivitas penukaran sampah', '3', '2', '6', 'Sunset Road', '1750001701134', 'Yayasan Aidhub Indonesia', NULL, NULL, NULL, 'System', '2021-07-18 03:20:44', NULL, NULL, '2021-07-17 19:20:44', '2021-07-17 19:20:44'),
(103, 'Sungai Watch', '3', 'Pak Gary', 'Founder', '081338960402', NULL, 'Ibu Armini', 'Staff', '081913302047', NULL, '2020-12-02', '1', 'JL. Tumbakbayuh - Pererenan, Tumbak Bayuh', '-8.61989523327991', '115.14238604929085', 'Bisnis: Sungai watch', '658', '20', '2', '0', 'Aktivitas sungai watch', '3', '2', '6', NULL, '1750001496263', 'PT Jaga Sungai Kita', NULL, NULL, NULL, 'System', '2021-07-18 03:20:44', NULL, NULL, '2021-07-17 19:20:44', '2021-07-17 19:20:44'),
(104, 'Sersan Kopi', '3', 'Ibu Yesika', 'Pemilik usaha', NULL, NULL, NULL, NULL, NULL, NULL, '2021-04-27', '2', 'Jl. Durian No.28, Dangin Puri, Denpasar Tim.', '-8.654503918981495', '115.22015640059206', 'Bisnis: Sersan kopi', '165', '56', '8', '0', 'Unit usaha coffee shop', '3', '1', NULL, NULL, NULL, NULL, NULL, NULL, NULL, 'System', '2021-07-18 03:20:44', NULL, NULL, '2021-07-17 19:20:44', '2021-07-17 19:20:44'),
(105, 'Alila Uluwatu ', '5', 'Ibu Silviana', 'Tim pengelola sampah', '082236725809', NULL, NULL, NULL, NULL, NULL, '2019-11-18', '1', 'Jl. Belimbing Sari Tambiyak, Pecatu', '-8.84570415452671', '115.13791005908972', 'Hotel: Alila Uluwatu', NULL, '17', '2', '2', 'Unit usaha hotel', '3', '2', '1', NULL, '7720428886', 'Bukit Uluwatu Villa PT', NULL, NULL, NULL, 'System', '2021-07-18 03:20:44', NULL, NULL, '2021-07-17 19:20:44', '2021-07-17 19:20:44'),
(106, 'Alila Ubud ', '5', 'Ibu Silviana', 'Tim pengelola sampah', '082236725809', NULL, NULL, NULL, NULL, NULL, '2019-11-18', '1', 'Desa, Melinggih Kelod, Payangan', '-8.461968096782323', '115.24092026703437', 'Hotel: Alila Ubud', '393', '27', '7', '2', 'Unit usaha hotel', '3', '2', '1', NULL, '1350415889 / 1350415188', 'Bukit Uluwatu Villa', NULL, NULL, NULL, 'System', '2021-07-18 03:20:44', NULL, NULL, '2021-07-17 19:20:44', '2021-07-17 19:20:44'),
(107, 'Alila Seminyak ', '5', 'Pak Budiana', 'Supervisor FnB', '087860796285', NULL, NULL, NULL, NULL, NULL, '2019-06-17', '1', 'Jl. Taman Ganesha No. 9 Petitenget, Seminyak', '-8.679819048610392', '115.15117655252618', 'Hotel: Alila Seminyak', '530', '18', '2', '2', 'Unit usaha hotel', '3', NULL, NULL, NULL, NULL, NULL, NULL, NULL, NULL, 'System', '2021-07-18 03:20:44', NULL, NULL, '2021-07-17 19:20:44', '2021-07-17 19:20:44'),
(108, 'Four Season Jimbaran ', '5', 'Ibu Teny', 'Assistant of Enginering', '082144455944', NULL, 'Pak Bagus Supardana', 'Director of Enginering', NULL, NULL, '2019-11-21', '1', 'Jl. Bukit Permai, Jimbaran, Kuta Selatan', '-8.784190815986332', '115.16064455114075', 'Hotel: Four Season Jimbaran', '226', '17', '2', '2', 'Unit usaha hotel', '3', '2', '12', NULL, '165810029455', 'PT. Bali Giri Kencana', NULL, NULL, NULL, 'System', '2021-07-18 03:20:44', NULL, NULL, '2021-07-17 19:20:44', '2021-07-17 19:20:44'),
(109, 'Sintesa Hotel ', '5', 'Ibu Yoni', 'HRD', '081338585802', NULL, NULL, NULL, NULL, NULL, '2019-06-06', '1', 'Jl. Kencana No.1, Jimbaran, Kuta Selatan', '-8.790208099525213', '115.15986016982838', 'Hotel: Sintesa hotel', '226', '17', '2', '2', 'Unit usaha hotel', '3', '2', '13', 'Senayan Jakarta', '1005645077', 'PT. Mams Duta Dua', NULL, NULL, NULL, 'System', '2021-07-18 03:20:44', NULL, NULL, '2021-07-17 19:20:44', '2021-07-17 19:20:44'),
(110, 'Maya Ubud', '5', NULL, NULL, NULL, NULL, NULL, NULL, NULL, NULL, NULL, '1', 'Jl. Gn. Sari, Peliatan, Ubud', '-8.509564450865138', '115.2780015075154', 'Hotel: Maya Ubud', '415', '27', '7', '2', 'Unit usaha hotel', '11', NULL, NULL, NULL, NULL, NULL, NULL, NULL, NULL, 'System', '2021-07-18 03:20:44', NULL, NULL, '2021-07-17 19:20:44', '2021-07-17 19:20:44'),
(111, 'The Samaya Ubud', '5', 'Ibu Dyah', NULL, '085733661103', NULL, 'Pak Made Eri Adi Putra', 'Accounting Manager', NULL, NULL, '2008-01-01', '1', 'Jl. Baung, Sayan, Ubud', '-8.513246470883681', '115.23761855723812', 'Hotel: The Semaya', '506', '27', '7', '2', 'Unit usaha hotel', '11', NULL, NULL, NULL, NULL, NULL, NULL, NULL, NULL, 'System', '2021-07-18 03:20:44', NULL, NULL, '2021-07-17 19:20:44', '2021-07-17 19:20:44'),
(112, 'Uma Hotel', '5', 'Pak Bagus Arimbawa', NULL, '08123985476', NULL, NULL, NULL, NULL, NULL, '2019-11-18', '1', 'Jl. Raya Sanggingan, Banjar Lungsiakan, Kedewatan, Ubud', '-8.491330979606985', '115.25458162840249', 'Hotel: Uma Hotel', '257', '27', '7', '2', 'Unit usaha hotel', '11', NULL, NULL, NULL, NULL, NULL, NULL, NULL, NULL, 'System', '2021-07-18 03:20:44', NULL, NULL, '2021-07-17 19:20:44', '2021-07-17 19:20:44'),
(113, 'Nusa Dua Beach Hotel', '5', 'Pak Dewa Panca', NULL, '08124640718', NULL, NULL, NULL, NULL, NULL, '2012-10-10', '1', 'Jl. Nusa Dua Kawasan Pariwisata Nusa Dua Lot. North 4, Benoa', '-8.793944001762153', '115.23031866545783', 'Hotel: Nusa Dua Beach Hotel', NULL, '17', '2', '2', 'Unit usaha hotel', '11', '1', NULL, NULL, NULL, NULL, NULL, NULL, NULL, 'System', '2021-07-18 03:20:44', NULL, NULL, '2021-07-17 19:20:44', '2021-07-17 19:20:44');
INSERT INTO `participants` (`id`, `participant_name`, `id_category`, `contact_name_1`, `contact_position_1`, `contact_phone_1`, `contact_email_1`, `contact_name_2`, `contact_position_2`, `contact_phone_2`, `contact_email_2`, `joined_date`, `id_transport_intensity`, `address`, `latitude`, `langitude`, `service_area`, `id_area`, `id_district`, `id_regency`, `id_box_resource`, `resource_description`, `id_purchase_price`, `id_payment_method`, `id_bank`, `bank_branch`, `bank_account_number`, `bank_account_holder_name`, `notes`, `url_photo_1`, `url_photo_2`, `created_by`, `created_datetime`, `last_modified_by`, `last_modified_datetime`, `created_at`, `updated_at`) VALUES
(114, 'Sanur Prime Plaza Hotel', '5', 'Pak Astawa', NULL, '081558482405', NULL, NULL, NULL, NULL, NULL, '2008-09-09', '1', 'Jl. Hang Tuah No.46, Sanur Kaja, Kec. Denpasar Sel.', '-8.674832301555455', '115.2626891141549', 'Hotel: Sanur Prime Plaza Hotel', '500', '55', '8', '2', 'Unit usaha hotel', '11', NULL, NULL, NULL, NULL, NULL, NULL, NULL, NULL, 'System', '2021-07-18 03:20:44', NULL, NULL, '2021-07-17 19:20:44', '2021-07-17 19:20:44'),
(115, 'Four Season Ubud', '5', 'Pak Ketut Astawa', 'Chief steward', '08113881516', NULL, NULL, NULL, NULL, NULL, '2008-11-03', '1', 'Jl. Raya Sayan, Sayan, Kecamatan Ubud', '-8.500606654273223', '115.24233768788918', 'Hotel: Four Season Ubud', '506', '27', '7', '2', 'Unit usaha hotel', '3', NULL, NULL, NULL, NULL, NULL, NULL, NULL, NULL, 'System', '2021-07-18 03:20:44', NULL, NULL, '2021-07-17 19:20:44', '2021-07-17 19:20:44'),
(116, 'Tk Kalam Kudus, Kerobokan Kaja ', '9', 'Miss Lidia', 'Guru Sekolah', '089661445093', NULL, NULL, NULL, NULL, NULL, '2019-01-24', '1', 'Jl. Batu Bidak Perum, Kerobokan Kaja, Kuta Utara', '-8.639858624777673', '115.17599213147527', 'Sekolah: TK Kalam Kudus', '272', '19', '2', '12', 'Aktivitas sekolah dan sampah warga sekolah', '2', '1', NULL, NULL, NULL, NULL, NULL, NULL, NULL, 'System', '2021-07-18 03:20:44', NULL, NULL, '2021-07-17 19:20:44', '2021-07-17 19:20:44'),
(117, 'Soverdi , Tuban ', '9', 'Ibu Siti', 'Guru Sekolah', '081558890919', NULL, 'Ibu Kus', 'Guru Sekolah', '085238421371', NULL, '2015-09-24', '1', 'Jl. Komplek Burung No 46, Tuban', '-8.741880175156297', '115.17292129936703', 'Sekolah: Soverdi Tuban', '652', '18', '2', '12', 'Aktivitas sekolah dan sampah warga sekolah', '2', '2', '2', 'Renon', '0055071727', 'Siti Nuryani', NULL, NULL, NULL, 'System', '2021-07-18 03:20:44', NULL, NULL, '2021-07-17 19:20:44', '2021-07-17 19:20:44'),
(118, 'SMP 12, Denpasar', '9', 'Pak Nyoman Winastra ', 'Guru Sekolah', '081353272764', NULL, NULL, NULL, NULL, NULL, '2019-01-09', '1', 'Peguyangan Kaja, North Denpasar', '-8.597763061578028', '115.22290347073259', 'Sekolah: SMP 12 Denpasar', '400', '58', '8', '12', 'Aktivitas sekolah dan sampah warga sekolah', '2', NULL, NULL, NULL, NULL, NULL, NULL, NULL, NULL, 'System', '2021-07-18 03:20:44', NULL, NULL, '2021-07-17 19:20:44', '2021-07-17 19:20:44'),
(119, 'Green School ', '9', 'Ibu Rai ', 'Koordinator Kebersihan', '081529346371', NULL, NULL, NULL, NULL, NULL, '2019-02-27', '4', 'Jl. Raya Sibang Kaja, Banjar Saren, Sibang Kaja, Abiansemal', '-8.566661993357483', '115.21445450141611', 'Sekolah: Green School', '547', '21', '2', '12', 'Aktivitas sekolah dan sampah warga sekolah', '3', '2', '6', 'Ubud, Gianyar', '1450022448811', 'KUL KUL', NULL, NULL, NULL, 'System', '2021-07-18 03:20:44', NULL, NULL, '2021-07-17 19:20:44', '2021-07-17 19:20:44'),
(120, 'Sunrise ', '9', 'Pak Sadhu', NULL, '085739414909', NULL, NULL, NULL, NULL, NULL, '2019-05-04', '1', 'Jl. Merthasari Banjar Pengubengan Kauh, Kerobokan', '-8.668363293279848', '115.17348582840405', 'Sekolah: Sunrise', '271', '19', '2', '12', 'Aktivitas sekolah dan sampah warga sekolah', '2', NULL, NULL, NULL, NULL, NULL, NULL, NULL, NULL, 'System', '2021-07-18 03:20:44', NULL, NULL, '2021-07-17 19:20:44', '2021-07-17 19:20:44'),
(121, 'BIS (Bali Island School)', '9', 'Ibu Denia', 'Guru Sekolah', '081239996818', NULL, NULL, NULL, NULL, NULL, '2019-05-04', '1', 'Jl. Danau Buyan IV No.15, Sanur Kaja, Denpasar Sel.', '-8.679077256290212', '115.25747789402337', 'Sekolah: BIS (Bali Island School)', '501', '55', '8', '12', 'Aktivitas sekolah dan sampah warga sekolah', '2', '1', NULL, NULL, NULL, NULL, NULL, NULL, NULL, 'System', '2021-07-18 03:20:44', NULL, NULL, '2021-07-17 19:20:44', '2021-07-17 19:20:44'),
(122, 'LF Bali ', '9', 'Ibu Ketut', 'Customer Service', '081805346682', NULL, NULL, NULL, NULL, NULL, '2019-05-04', '1', 'Jl. Umalas Kauh 1 No.76, Kerobokan Kelod, Kuta Utara', '-8.669160231179603', '115.15623658422663', 'Sekolah: LF Bali', '273', '19', '2', '12', 'Aktivitas sekolah dan sampah warga sekolah', '11', NULL, NULL, NULL, NULL, NULL, NULL, NULL, NULL, 'System', '2021-07-18 03:20:44', NULL, NULL, '2021-07-17 19:20:44', '2021-07-17 19:20:44'),
(123, 'SD 1 Renon ', '9', 'Pak Wawan', 'Guru Sekolah', '087760306160', NULL, NULL, NULL, NULL, NULL, '2019-01-07', '1', 'Jl. Tukad Balian No.37, Renon, Denpasar Sel.', '-8.678035373624578', '115.24275337683297', 'Sekolah: SD N 1 Renono', '479', '55', '8', '12', 'Aktivitas sekolah dan sampah warga sekolah', '2', NULL, NULL, NULL, NULL, NULL, NULL, NULL, NULL, 'System', '2021-07-18 03:20:44', NULL, NULL, '2021-07-17 19:20:44', '2021-07-17 19:20:44'),
(124, 'One earth School ', '9', 'Rosanta Brsitepu', 'Kepala Sekolah', '(0361) 8947246', NULL, 'Komang Sudiana', 'Guru Sekolah', '081238708117', NULL, '2020-01-16', '1', 'Jl. Pura Mertasari IV, Jl. Sunset Road Jl. Glogor Carik, Pemogan, Denpasar Sel.', '-8.708776670471321', '115.18867660936559', 'Sekolah: SD Satu Bumi', NULL, '55', '8', '12', 'Aktivitas sekolah dan sampah warga sekolah', '2', NULL, NULL, NULL, NULL, NULL, NULL, NULL, NULL, 'System', '2021-07-18 03:20:44', NULL, NULL, '2021-07-17 19:20:44', '2021-07-17 19:20:44'),
(125, 'SMP 1 Kediri ', '9', 'Ibu Ratna', 'Kepala Sekolah', '085338558426', NULL, NULL, NULL, NULL, NULL, '2018-08-08', '1', 'Jl. Taruna Jaya No.25, Kediri, Kediri', '-8.56673365419628', '115.13523572046684', 'Sekolah: SMP N 1 Kediri', '258', '12', '3', '12', 'Aktivitas sekolah dan sampah warga sekolah', '2', NULL, NULL, NULL, NULL, NULL, NULL, NULL, NULL, 'System', '2021-07-18 03:20:44', NULL, NULL, '2021-07-17 19:20:44', '2021-07-17 19:20:44'),
(126, 'SMP Wisata Sanur ', '9', 'Ibu Dayu Surya', 'Guru Sekolah', '085237114727', NULL, 'Ibu Ayu Astiti', 'Guru Sekolah', '081337370055', NULL, '2018-08-08', '1', 'Jl. Danau Buyan No.58, Sanur, Denpasar Sel.', '-8.681586816607751', '115.26048803450404', 'Sekolah: SMP Wisata Sanur', '500', '55', '8', '12', 'Aktivitas sekolah dan sampah warga sekolah', '11', NULL, NULL, NULL, NULL, NULL, NULL, NULL, NULL, 'System', '2021-07-18 03:20:44', NULL, NULL, '2021-07-17 19:20:44', '2021-07-17 19:20:44'),
(127, 'SMP 3 Denpasar ', '9', 'Ibu Norma', 'Guru Sekolah', '081999454788', NULL, NULL, NULL, NULL, NULL, '2019-01-08', '1', 'Dangin Puri Kangin, Denpasar Utara', '-8.652251038901051', '115.22665836333924', 'Sekolah: SMP 3 Denpasar', '165', '58', '8', '12', 'Aktivitas sekolah dan sampah warga sekolah', '2', NULL, NULL, NULL, NULL, NULL, NULL, NULL, NULL, 'System', '2021-07-18 03:20:44', NULL, NULL, '2021-07-17 19:20:44', '2021-07-17 19:20:44'),
(128, 'SMA 8 Denpasar ', '9', 'Ibu Agung Putri Ningsih', 'Guru Sekolah', '08999212223', NULL, NULL, NULL, NULL, NULL, '2019-01-11', '1', 'Jl. Antasura Jl. Dam Peraupan No.25, Peguyangan Kaja, Denpasar Utara', '-8.598282853562369', '115.22416170511325', 'Sekolah: SMA N 8 Denpasar', '400', '58', '8', '12', 'Aktivitas sekolah dan sampah warga sekolah', '2', NULL, NULL, NULL, NULL, NULL, NULL, NULL, NULL, 'System', '2021-07-18 03:20:44', NULL, NULL, '2021-07-17 19:20:44', '2021-07-17 19:20:44'),
(129, 'SD Tunas Daud', '9', 'Ibu Sari Endang Noorwati', 'Kepala Sekolah', '(0361) 421241', NULL, 'Ibu Rosa', 'Guru Sekolah', '08174197857', NULL, '2020-01-13', '1', 'Jl. Kebo Iwa No.8, Padangsambian Kaja, Denpasar Barat', '-8.624938021251278', '115.18545682285837', 'Sekolah: SD Tunas Daud', '374', '57', '8', '12', 'Aktivitas sekolah dan sampah warga sekolah', '2', '1', NULL, NULL, NULL, NULL, NULL, NULL, NULL, 'System', '2021-07-18 03:20:44', NULL, NULL, '2021-07-17 19:20:44', '2021-07-17 19:20:44'),
(130, 'SD 1 Munggu ', '9', 'I Ketut Sudana', 'Kepala Sekolah', '(0361)8483624', NULL, NULL, NULL, NULL, NULL, '2020-01-22', '1', 'Jl. Raya Munggu-Kapal No.10, Munggu, Mengwi', '-8.61668108551339', '115.1296698995682', 'Sekolah: SD N 1 Munggu', '355', '20', '2', '12', 'Aktivitas sekolah dan sampah warga sekolah', '2', '1', NULL, NULL, NULL, NULL, NULL, NULL, NULL, 'System', '2021-07-18 03:20:44', NULL, NULL, '2021-07-17 19:20:44', '2021-07-17 19:20:44'),
(131, 'SD 1 Tibubeneng', '9', 'Ni Luh Purwantini', 'Kepala Sekolah', '081236215787 ', NULL, 'Ibu Rina', 'Guru Sekolah', '085737052502', NULL, '2020-01-17', '1', 'Jl. Raya Padonan, Kuta Utara, Badung', '-8.632053054911562', '115.16084502319713', 'Sekolah: SD N 1 Tibubeneng', '632', '19', '2', '12', 'Aktivitas sekolah dan sampah warga sekolah', '2', '1', NULL, NULL, NULL, NULL, NULL, NULL, NULL, 'System', '2021-07-18 03:20:44', NULL, NULL, '2021-07-17 19:20:44', '2021-07-17 19:20:44'),
(132, 'Pak Sueb ', '8', 'Pak Sueb', 'Pemilik pengepul', '081339719439', NULL, NULL, NULL, NULL, NULL, '2019-09-12', '4', 'TPA Suwung, Denpasar', '-8.72024083392107', '115.21678220840602', 'TPA Suwung, Kuta, Nusa Dua', NULL, '55', '8', '14,13,15', 'TPA Suwung, Pengepul dan JS yg melayani hotel di Nusa Dua & Kuta', '6', '2', '3', 'Kasian', '622401007054535', 'Ika Purwati', NULL, NULL, NULL, 'System', '2021-07-18 03:20:44', NULL, NULL, '2021-07-17 19:20:44', '2021-07-17 19:20:44'),
(133, 'Pak Legito ', '8', 'Pak Legito', 'Pemilik pengepul', '082359336856', NULL, NULL, NULL, NULL, NULL, '2019-12-12', '1', 'Jl. Pemelisan, Suwung Batan Kendal, Denpasar', '-8.714745560545946', '115.22687534541056', 'Nusa Dua, Kuta, Bandara', NULL, '55', '8', '2,9', 'Hotel di Nusa Dua & Kuta, Bandara (Pemusnah barang ekspired bandara)', '5', '2', '3', 'Jeber Kejong', '623201015433332', 'Mohammad', NULL, NULL, NULL, 'System', '2021-07-18 03:20:44', NULL, NULL, '2021-07-17 19:20:44', '2021-07-17 19:20:44'),
(134, 'Pak Komang Pemelisan ', '8', 'Pak Komang Sution', 'Pemilik pengepul', '082247969975', NULL, NULL, NULL, NULL, NULL, '2019-09-05', '1', 'Jl. Pemelisan, Suwung Batan Kendal, Denpasar', '-8.713533560699188', '115.228363740259', 'Nusa Dua, Tanjung Benoa', NULL, '55', '8', '2', 'Hotel Nusa Dua', '5', '2', '1', 'Sesetan', '7670292007', 'Komang Sution', NULL, NULL, NULL, 'System', '2021-07-18 03:20:44', NULL, NULL, '2021-07-17 19:20:44', '2021-07-17 19:20:44'),
(135, 'Pak Suana ', '8', 'Pak Nengah Suana', 'Pemilik pengepul', '081236207177', NULL, NULL, NULL, NULL, NULL, '2019-05-14', '1', 'Sidakarya, Denpasar', '-8.697495537485102', '115.22509937763', 'Sanur, Kuta', '549', '55', '8', '2', 'Hotel Sanur dan Kuta ', '4', '2', '1', NULL, '7445158071', 'I Nengah Suana', NULL, NULL, NULL, 'System', '2021-07-18 03:20:44', NULL, NULL, '2021-07-17 19:20:44', '2021-07-17 19:20:44'),
(136, 'Pak Yusuf ', '8', 'Pak Yusuf', 'Pemilik pengepul', '081337033389', NULL, NULL, NULL, NULL, NULL, '2019-01-02', '1', 'Jl. Bypass Ngurah Rai, Gang Drupadi Caf, Sidakarya, Denpasar Selatan', '-8.712412115774965', '115.23290541229395', 'Kuta ', '549', '55', '8', '2', 'Hotel Kuta', '5', '2', '1', NULL, '7445057410', 'Muhamad Yusuf', NULL, NULL, NULL, 'System', '2021-07-18 03:20:44', NULL, NULL, '2021-07-17 19:20:44', '2021-07-17 19:20:44'),
(137, 'Pak Deny  (Berhenti sejak Maret)', '8', 'Pak Deny', 'Pemilik pengepul', '081338885998', NULL, NULL, NULL, NULL, NULL, '2019-01-10', '1', 'Jl. Pemelisan, Suwung Batan Kendal, Denpasar', NULL, NULL, 'Nusa Dua, Kuta, Bandara', NULL, '55', '8', '2', 'Hotel ', '11', '2', '1', 'Sesetan', '7670302541', 'Ria Yulianti', NULL, NULL, NULL, 'System', '2021-07-18 03:20:44', NULL, NULL, '2021-07-17 19:20:44', '2021-07-17 19:20:44'),
(138, 'Pak Heri ', '8', 'Pak Heri', 'Pemilik pengepul', '081237842725', NULL, NULL, NULL, NULL, NULL, '2020-07-07', '1', 'Jl. Karya Makmur, Ubung, Denpasar', '-8.62282570054915', '115.19455804822294', 'Denpasar', '665', '58', '8', '1', 'Sampah dari jasa sampah milik sendiri ', '7', NULL, NULL, NULL, NULL, NULL, NULL, NULL, NULL, 'System', '2021-07-18 03:20:44', NULL, NULL, '2021-07-17 19:20:44', '2021-07-17 19:20:44'),
(139, 'Pak Alip ', '8', 'Pak Alif', 'Pemilik pengepul', '085333399934', NULL, NULL, NULL, NULL, NULL, '2020-09-09', '1', 'Sesetan, Denpasar', NULL, NULL, 'TPA Suwung', '545', '55', '8', '16,15', 'Pemulung dan pengepul di TPA', '7', NULL, NULL, NULL, NULL, NULL, NULL, NULL, NULL, 'System', '2021-07-18 03:20:44', NULL, NULL, '2021-07-17 19:20:44', '2021-07-17 19:20:44'),
(140, 'Pak Romi ', '8', 'Pak Romi', 'Pemilik pengepul', '081353321918', NULL, NULL, NULL, NULL, NULL, '2020-07-07', '1', 'Kediri, Tabanan', NULL, NULL, 'Tabanan', '258', '12', '3', '16,15', 'Pemulung dan pengepul sekitar kediri ', NULL, NULL, NULL, NULL, NULL, NULL, NULL, NULL, NULL, 'System', '2021-07-18 03:20:44', NULL, NULL, '2021-07-17 19:20:44', '2021-07-17 19:20:44'),
(141, 'Pak Sidik ', '8', 'Pak Sidik/anak Pak sidik', 'Pemilik pengepul', '081336620648', NULL, NULL, NULL, '08520485640', NULL, '2020-05-05', '1', 'Jl. Astina Pura, Mengwitani, Mengwi', '-8.570484234980302', '115.16747886334538', 'Mengwitani, Penarungan', '346', '20', '2', '11,16', 'TPST Penarungan, Mengwitan dan Pemulung', '5', '1', NULL, NULL, NULL, NULL, NULL, NULL, NULL, 'System', '2021-07-18 03:20:44', NULL, NULL, '2021-07-17 19:20:44', '2021-07-17 19:20:44'),
(142, 'Ibu Awi ', '8', 'Ibu Awi', 'Pemilik pengepul', '081245624213', NULL, NULL, NULL, '085205545009', NULL, '2019-05-17', '2', 'Jl. Sunset Road, Seminyak, Badung', '-8.69509578803845', '115.17721381368149', 'Kuta, Seminyak', '530', '18', '2', '16,13', 'Pemulung, jasa sampah di kuta,tuban,seminyak: 4', '5', '2', '1', 'Kuta (Dewi Sri)', '1460725573', 'Totok Efendi', NULL, NULL, NULL, 'System', '2021-07-18 03:20:44', NULL, NULL, '2021-07-17 19:20:44', '2021-07-17 19:20:44'),
(143, 'Pak Nanang', '7', 'Pak Nanang', 'Pemilik pengepul', '081805459004', NULL, NULL, NULL, NULL, NULL, '2021-06-22', '1', 'Gg. Ikan Teri, Sesetan, Denpasar Selatan, Kota Denpasar', '-8.707136189635158', '115.22732738690068', 'Kuta, Nusa Dua', '545', '55', '8', '2', NULL, '5', '2', '1', NULL, '0401964851', 'Imam hanafi', NULL, NULL, NULL, 'System', '2021-07-18 03:20:44', NULL, NULL, '2021-07-17 19:20:44', '2021-07-17 19:20:44'),
(144, 'BSI Bali Bersih', '1', 'Pak Arianto', 'Direktur Bank Sampah', '0818559441', NULL, NULL, NULL, NULL, NULL, '2021-05-07', '1', 'Gg. Agastia, Padangsambian, Denpasar Bar.', '-8.645954847592456', '115.18535116565154', 'Padangsambian Kaja', '374', '57', '8', '1', 'Rumah tangga di beberapa banjar di Padangsambian kaja', NULL, '1', NULL, NULL, NULL, NULL, NULL, NULL, NULL, 'System', '2021-07-18 03:20:44', NULL, NULL, '2021-07-17 19:20:44', '2021-07-17 19:20:44'),
(145, 'One People', '3', 'Mei', 'Staff', '081281199927', NULL, NULL, NULL, NULL, NULL, '2021-05-19', '1', 'Jl. Plawa No.57x, Seminyak, Kuta', '-8.690655618561705', '115.17235992374307', 'Bisnis: 1 People', '530', '18', '2', '0', 'Unit usaha 1 people', '3', NULL, NULL, NULL, NULL, NULL, NULL, NULL, NULL, 'System', '2021-07-18 03:20:44', NULL, NULL, '2021-07-17 19:20:44', '2021-07-17 19:20:44'),
(146, 'Serenity', '3', 'Krisna', 'Pemiliki bisnis', '081239351842', NULL, 'Pak Andre', 'Petugas kebersihan', '085238041211', NULL, '2021-05-20', '1', 'Jl. Nelayan Serenity Eco Guesthouse and Yoga, Canggu, Kuta Utara', '-8.65966815231458', '115.13403038484535', 'Bisnis: Serenity', '149', '19', '2', '0', 'Unit usaha guest house dan restoran', '3', NULL, NULL, NULL, NULL, NULL, NULL, NULL, NULL, 'System', '2021-07-18 03:20:44', NULL, NULL, '2021-07-17 19:20:44', '2021-07-17 19:20:44'),
(147, 'SD Widiatmika', '9', 'Ms Amelia Devi', 'Guru Humas', '085737006160', NULL, NULL, NULL, NULL, NULL, '2021-06-17', '1', 'Jl. Raya Kampus Unud, Jimbaran, Kuta Sel.', '-8.788029117633991', '115.17712312420055', 'Sekolah: SD Widiatmika', '226', '17', '2', '12', 'Aktivitas sekolah dan sampah warga sekolah', '2', NULL, NULL, NULL, NULL, NULL, NULL, NULL, NULL, 'System', '2021-07-18 03:20:44', NULL, NULL, '2021-07-17 19:20:44', '2021-07-17 19:20:44'),
(148, 'Sekolah Sarin Rare', '9', 'Bunda Sri', 'Kepala sekolah TK', '081338517329', NULL, NULL, NULL, NULL, NULL, '2021-06-17', '1', 'Jl. Raya Mas No.52, MAS, Ubud', '-8.555853695711354', '115.27297098454055', 'Sekolah: Sekolah Sarin Rare', '664', '27', '7', '12', 'Aktivitas sekolah dan sampah warga sekolah', '2', NULL, NULL, NULL, NULL, NULL, NULL, NULL, NULL, 'System', '2021-07-18 03:20:44', NULL, NULL, '2021-07-17 19:20:44', '2021-07-17 19:20:44'),
(149, 'Sbastian', '6', NULL, NULL, NULL, NULL, NULL, NULL, NULL, NULL, '2021-06-14', '17', NULL, NULL, NULL, NULL, NULL, '57', '8', '1', 'Rumah tangga individu', '11', NULL, NULL, NULL, NULL, NULL, NULL, NULL, NULL, 'System', '2021-07-18 03:20:44', NULL, NULL, '2021-07-17 19:20:44', '2021-07-17 19:20:44'),
(150, 'Silvana', '6', NULL, NULL, NULL, NULL, NULL, NULL, NULL, NULL, '2021-06-11', '17', NULL, NULL, NULL, NULL, NULL, '19', '2', '1', 'Rumah tangga individu', '11', NULL, NULL, NULL, NULL, NULL, NULL, NULL, NULL, 'System', '2021-07-18 03:20:44', NULL, NULL, '2021-07-17 19:20:44', '2021-07-17 19:20:44');

-- --------------------------------------------------------

--
-- Table structure for table `payment_methods`
--

CREATE TABLE `payment_methods` (
  `id` int(10) UNSIGNED NOT NULL,
  `payment_method` varchar(100) COLLATE utf8mb4_unicode_ci NOT NULL,
  `description` varchar(200) COLLATE utf8mb4_unicode_ci DEFAULT NULL,
  `created_by` varchar(100) COLLATE utf8mb4_unicode_ci DEFAULT NULL,
  `created_datetime` datetime DEFAULT NULL,
  `last_modified_by` varchar(100) COLLATE utf8mb4_unicode_ci DEFAULT NULL,
  `last_modified_datetime` datetime DEFAULT NULL,
  `created_at` timestamp NULL DEFAULT NULL,
  `updated_at` timestamp NULL DEFAULT NULL
) ENGINE=InnoDB DEFAULT CHARSET=utf8mb4 COLLATE=utf8mb4_unicode_ci;

--
-- Dumping data for table `payment_methods`
--

INSERT INTO `payment_methods` (`id`, `payment_method`, `description`, `created_by`, `created_datetime`, `last_modified_by`, `last_modified_datetime`, `created_at`, `updated_at`) VALUES
(1, 'Cash', NULL, 'Deva Dwi A', '2021-07-11 22:36:19', NULL, NULL, '2021-07-11 14:36:19', '2021-07-11 14:36:19'),
(2, 'Transfer', NULL, 'Deva Dwi A', '2021-07-11 22:36:24', NULL, NULL, '2021-07-11 14:36:24', '2021-07-11 14:36:24');

-- --------------------------------------------------------

--
-- Table structure for table `purchase_prices`
--

CREATE TABLE `purchase_prices` (
  `id` int(10) UNSIGNED NOT NULL,
  `price` int(11) NOT NULL,
  `description` varchar(200) COLLATE utf8mb4_unicode_ci DEFAULT NULL,
  `created_by` varchar(100) COLLATE utf8mb4_unicode_ci DEFAULT NULL,
  `created_datetime` datetime DEFAULT NULL,
  `last_modified_by` varchar(100) COLLATE utf8mb4_unicode_ci DEFAULT NULL,
  `last_modified_datetime` datetime DEFAULT NULL,
  `created_at` timestamp NULL DEFAULT NULL,
  `updated_at` timestamp NULL DEFAULT NULL
) ENGINE=InnoDB DEFAULT CHARSET=utf8mb4 COLLATE=utf8mb4_unicode_ci;

--
-- Dumping data for table `purchase_prices`
--

INSERT INTO `purchase_prices` (`id`, `price`, `description`, `created_by`, `created_datetime`, `last_modified_by`, `last_modified_datetime`, `created_at`, `updated_at`) VALUES
(1, 400, NULL, 'Deva Dwi A', '2021-07-11 22:39:27', NULL, NULL, '2021-07-11 14:39:27', '2021-07-11 14:39:27'),
(2, 500, NULL, 'Deva Dwi A', '2021-07-11 22:39:31', NULL, NULL, '2021-07-11 14:39:31', '2021-07-11 14:39:31'),
(3, 600, NULL, 'Deva Dwi A', '2021-07-11 22:39:36', NULL, NULL, '2021-07-11 14:39:36', '2021-07-11 14:39:36'),
(4, 700, NULL, 'Deva Dwi A', '2021-07-11 22:39:40', NULL, NULL, '2021-07-11 14:39:40', '2021-07-11 14:39:40'),
(5, 800, NULL, 'Deva Dwi A', '2021-07-11 22:39:45', NULL, NULL, '2021-07-11 14:39:45', '2021-07-11 14:39:45'),
(6, 900, NULL, 'Deva Dwi A', '2021-07-11 22:39:50', NULL, NULL, '2021-07-11 14:39:50', '2021-07-11 14:39:50'),
(7, 1000, NULL, 'Deva Dwi A', '2021-07-11 22:39:54', NULL, NULL, '2021-07-11 14:39:55', '2021-07-11 14:39:55'),
(8, 1100, NULL, 'Deva Dwi A', '2021-07-11 22:39:58', NULL, NULL, '2021-07-11 14:39:58', '2021-07-11 14:39:58'),
(9, 1200, NULL, 'Deva Dwi A', '2021-07-11 22:40:02', NULL, NULL, '2021-07-11 14:40:02', '2021-07-11 14:40:02'),
(10, 1300, NULL, 'Deva Dwi A', '2021-07-11 22:40:06', NULL, NULL, '2021-07-11 14:40:06', '2021-07-11 14:40:06'),
(11, 0, NULL, 'Deva Dwi A', '2021-07-11 22:40:11', NULL, NULL, '2021-07-11 14:40:11', '2021-07-11 14:40:11');

-- --------------------------------------------------------

--
-- Table structure for table `regencies`
--

CREATE TABLE `regencies` (
  `id` int(10) UNSIGNED NOT NULL,
  `regency_name` varchar(50) COLLATE utf8mb4_unicode_ci NOT NULL,
  `description` varchar(200) COLLATE utf8mb4_unicode_ci DEFAULT NULL,
  `created_by` varchar(100) COLLATE utf8mb4_unicode_ci DEFAULT NULL,
  `created_datetime` datetime DEFAULT NULL,
  `last_modified_by` varchar(100) COLLATE utf8mb4_unicode_ci DEFAULT NULL,
  `last_modified_datetime` datetime DEFAULT NULL,
  `created_at` timestamp NULL DEFAULT NULL,
  `updated_at` timestamp NULL DEFAULT NULL
) ENGINE=InnoDB DEFAULT CHARSET=utf8mb4 COLLATE=utf8mb4_unicode_ci;

--
-- Dumping data for table `regencies`
--

INSERT INTO `regencies` (`id`, `regency_name`, `description`, `created_by`, `created_datetime`, `last_modified_by`, `last_modified_datetime`, `created_at`, `updated_at`) VALUES
(2, 'Badung', 'aaaaa', 'Deva Dwi A', '2021-07-13 13:00:22', NULL, NULL, '2021-07-13 05:00:22', '2021-07-13 05:00:22'),
(3, 'Tabanan', NULL, 'System', '2021-07-13 13:01:14', NULL, NULL, '2021-07-13 05:01:14', '2021-07-13 05:01:14'),
(4, 'Klungkung', NULL, 'System', '2021-07-13 13:01:14', NULL, NULL, '2021-07-13 05:01:14', '2021-07-13 05:01:14'),
(5, 'Karangasem', NULL, 'System', '2021-07-13 13:01:14', NULL, NULL, '2021-07-13 05:01:14', '2021-07-13 05:01:14'),
(6, 'Jembrana', NULL, 'System', '2021-07-13 13:01:14', NULL, NULL, '2021-07-13 05:01:14', '2021-07-13 05:01:14'),
(7, 'Gianyar', NULL, 'System', '2021-07-13 13:01:14', NULL, NULL, '2021-07-13 05:01:14', '2021-07-13 05:01:14'),
(8, 'Denpasar', NULL, 'System', '2021-07-13 13:01:14', NULL, NULL, '2021-07-13 05:01:14', '2021-07-13 05:01:14'),
(9, 'Buleleng', NULL, 'System', '2021-07-13 13:01:14', NULL, NULL, '2021-07-13 05:01:14', '2021-07-13 05:01:14'),
(10, 'Bangli', NULL, 'System', '2021-07-13 13:01:14', NULL, NULL, '2021-07-13 05:01:14', '2021-07-13 05:01:14');

-- --------------------------------------------------------

--
-- Table structure for table `transport_intensities`
--

CREATE TABLE `transport_intensities` (
  `id` int(10) UNSIGNED NOT NULL,
  `intensity` varchar(200) COLLATE utf8mb4_unicode_ci NOT NULL,
  `description` varchar(200) COLLATE utf8mb4_unicode_ci DEFAULT NULL,
  `created_by` varchar(100) COLLATE utf8mb4_unicode_ci DEFAULT NULL,
  `created_datetime` datetime DEFAULT NULL,
  `last_modified_by` varchar(100) COLLATE utf8mb4_unicode_ci DEFAULT NULL,
  `last_modified_datetime` datetime DEFAULT NULL,
  `created_at` timestamp NULL DEFAULT NULL,
  `updated_at` timestamp NULL DEFAULT NULL
) ENGINE=InnoDB DEFAULT CHARSET=utf8mb4 COLLATE=utf8mb4_unicode_ci;

--
-- Dumping data for table `transport_intensities`
--

INSERT INTO `transport_intensities` (`id`, `intensity`, `description`, `created_by`, `created_datetime`, `last_modified_by`, `last_modified_datetime`, `created_at`, `updated_at`) VALUES
(1, '1 kali dalam 1 bulan', NULL, 'Deva Dwi A', '2021-07-17 03:30:34', NULL, NULL, '2021-07-16 19:30:35', '2021-07-16 19:30:35'),
(2, '2 kali dalam 1 bulan', NULL, 'Deva Dwi A', '2021-07-17 03:30:39', NULL, NULL, '2021-07-16 19:30:39', '2021-07-16 19:30:39'),
(3, '3 kali dalam 1 bulan', NULL, 'Deva Dwi A', '2021-07-17 03:30:43', NULL, NULL, '2021-07-16 19:30:43', '2021-07-16 19:30:43'),
(4, '4 kali dalam 1 bulan', NULL, 'Deva Dwi A', '2021-07-17 03:30:48', NULL, NULL, '2021-07-16 19:30:48', '2021-07-16 19:30:48'),
(5, '5 kali dalam 1 bulan', NULL, 'Deva Dwi A', '2021-07-17 03:30:53', NULL, NULL, '2021-07-16 19:30:53', '2021-07-16 19:30:53'),
(6, '6 kali dalam 1 bulan', NULL, 'Deva Dwi A', '2021-07-17 03:31:00', NULL, NULL, '2021-07-16 19:31:00', '2021-07-16 19:31:00'),
(7, '7 kali dalam 1 bulan', NULL, 'Deva Dwi A', '2021-07-17 03:31:04', NULL, NULL, '2021-07-16 19:31:04', '2021-07-16 19:31:04'),
(8, '8 kali dalam 1 bulan', NULL, 'Deva Dwi A', '2021-07-17 03:31:09', NULL, NULL, '2021-07-16 19:31:09', '2021-07-16 19:31:09'),
(9, '9 kali dalam 1 bulan', NULL, 'Deva Dwi A', '2021-07-17 03:31:13', NULL, NULL, '2021-07-16 19:31:13', '2021-07-16 19:31:13'),
(10, '10 kali dalam 1 bulan', NULL, 'Deva Dwi A', '2021-07-17 03:31:18', NULL, NULL, '2021-07-16 19:31:18', '2021-07-16 19:31:18'),
(11, '11 kali dalam 1 bulan', NULL, 'Deva Dwi A', '2021-07-17 03:31:22', NULL, NULL, '2021-07-16 19:31:23', '2021-07-16 19:31:23'),
(12, '12 kali dalam 1 bulan', NULL, 'Deva Dwi A', '2021-07-17 03:31:27', NULL, NULL, '2021-07-16 19:31:27', '2021-07-16 19:31:27'),
(13, '13 kali dalam 1 bulan', NULL, 'Deva Dwi A', '2021-07-17 03:31:36', NULL, NULL, '2021-07-16 19:31:36', '2021-07-16 19:31:36'),
(14, '14 kali dalam 1 bulan', NULL, 'Deva Dwi A', '2021-07-17 03:31:40', NULL, NULL, '2021-07-16 19:31:41', '2021-07-16 19:31:41'),
(15, '15 kali dalam 1 bulan', NULL, 'Deva Dwi A', '2021-07-17 03:31:44', NULL, NULL, '2021-07-16 19:31:44', '2021-07-16 19:31:44'),
(16, '16 kali dalam 1 bulan', NULL, 'Deva Dwi A', '2021-07-17 03:31:49', NULL, NULL, '2021-07-16 19:31:49', '2021-07-16 19:31:49'),
(17, 'Permintaan Khusus', NULL, 'Deva Dwi A', '2021-07-17 03:31:58', NULL, NULL, '2021-07-16 19:31:58', '2021-07-16 19:31:58');

-- --------------------------------------------------------

--
-- Table structure for table `users`
--

CREATE TABLE `users` (
  `id` bigint(20) UNSIGNED NOT NULL,
  `name` varchar(255) COLLATE utf8mb4_unicode_ci NOT NULL,
  `email` varchar(255) COLLATE utf8mb4_unicode_ci NOT NULL,
  `email_verified_at` timestamp NULL DEFAULT NULL,
  `password` varchar(255) COLLATE utf8mb4_unicode_ci NOT NULL,
  `role` varchar(255) COLLATE utf8mb4_unicode_ci NOT NULL,
  `remember_token` varchar(100) COLLATE utf8mb4_unicode_ci DEFAULT NULL,
  `created_at` timestamp NULL DEFAULT NULL,
  `updated_at` timestamp NULL DEFAULT NULL
) ENGINE=InnoDB DEFAULT CHARSET=utf8mb4 COLLATE=utf8mb4_unicode_ci;

--
-- Dumping data for table `users`
--

INSERT INTO `users` (`id`, `name`, `email`, `email_verified_at`, `password`, `role`, `remember_token`, `created_at`, `updated_at`) VALUES
(1, 'Deva Dwi Adhitya', 'deva@gmail.com', NULL, '$2y$10$SomiAWCE.cJpGht0ZIgFDu6jj79ro1opn1d5cvBHEcqlU2UlExxym', 'Admin', NULL, NULL, '2021-07-14 17:01:26'),
(2, 'Viewer', 'viewer@mail.com', NULL, '$2y$10$flSh96ziJQkl5b9MGP3/SePal5Fn2/Ny75HP/uCDs1nX93Rkxs5yO', 'User', NULL, '2021-07-14 07:33:59', '2021-07-14 07:33:59');

--
-- Indexes for dumped tables
--

--
-- Indexes for table `areas`
--
ALTER TABLE `areas`
  ADD PRIMARY KEY (`id`),
  ADD UNIQUE KEY `areas_area_name_unique` (`area_name`);

--
-- Indexes for table `banks`
--
ALTER TABLE `banks`
  ADD PRIMARY KEY (`id`),
  ADD UNIQUE KEY `banks_bank_name_unique` (`bank_name`);

--
-- Indexes for table `box_resources`
--
ALTER TABLE `box_resources`
  ADD PRIMARY KEY (`id`),
  ADD UNIQUE KEY `box_resources_resource_name_unique` (`resource_name`);

--
-- Indexes for table `categories`
--
ALTER TABLE `categories`
  ADD PRIMARY KEY (`id`),
  ADD UNIQUE KEY `categories_category_name_unique` (`category_name`);

--
-- Indexes for table `category_details`
--
ALTER TABLE `category_details`
  ADD PRIMARY KEY (`id`),
  ADD UNIQUE KEY `category_details_category_id_year_semester_unique` (`category_id`,`year`,`semester`);

--
-- Indexes for table `collections`
--
ALTER TABLE `collections`
  ADD PRIMARY KEY (`id`);

--
-- Indexes for table `districts`
--
ALTER TABLE `districts`
  ADD PRIMARY KEY (`id`),
  ADD UNIQUE KEY `districts_district_name_unique` (`district_name`);

--
-- Indexes for table `migrations`
--
ALTER TABLE `migrations`
  ADD PRIMARY KEY (`id`);

--
-- Indexes for table `participants`
--
ALTER TABLE `participants`
  ADD PRIMARY KEY (`id`);

--
-- Indexes for table `payment_methods`
--
ALTER TABLE `payment_methods`
  ADD PRIMARY KEY (`id`),
  ADD UNIQUE KEY `payment_methods_payment_method_unique` (`payment_method`);

--
-- Indexes for table `purchase_prices`
--
ALTER TABLE `purchase_prices`
  ADD PRIMARY KEY (`id`);

--
-- Indexes for table `regencies`
--
ALTER TABLE `regencies`
  ADD PRIMARY KEY (`id`),
  ADD UNIQUE KEY `regencies_regency_name_unique` (`regency_name`);

--
-- Indexes for table `transport_intensities`
--
ALTER TABLE `transport_intensities`
  ADD PRIMARY KEY (`id`);

--
-- Indexes for table `users`
--
ALTER TABLE `users`
  ADD PRIMARY KEY (`id`),
  ADD UNIQUE KEY `users_email_unique` (`email`);

--
-- AUTO_INCREMENT for dumped tables
--

--
-- AUTO_INCREMENT for table `areas`
--
ALTER TABLE `areas`
  MODIFY `id` int(10) UNSIGNED NOT NULL AUTO_INCREMENT, AUTO_INCREMENT=688;

--
-- AUTO_INCREMENT for table `banks`
--
ALTER TABLE `banks`
  MODIFY `id` int(10) UNSIGNED NOT NULL AUTO_INCREMENT, AUTO_INCREMENT=15;

--
-- AUTO_INCREMENT for table `box_resources`
--
ALTER TABLE `box_resources`
  MODIFY `id` int(10) UNSIGNED NOT NULL AUTO_INCREMENT, AUTO_INCREMENT=19;

--
-- AUTO_INCREMENT for table `categories`
--
ALTER TABLE `categories`
  MODIFY `id` int(10) UNSIGNED NOT NULL AUTO_INCREMENT, AUTO_INCREMENT=13;

--
-- AUTO_INCREMENT for table `category_details`
--
ALTER TABLE `category_details`
  MODIFY `id` int(10) UNSIGNED NOT NULL AUTO_INCREMENT, AUTO_INCREMENT=13;

--
-- AUTO_INCREMENT for table `collections`
--
ALTER TABLE `collections`
  MODIFY `id` int(10) UNSIGNED NOT NULL AUTO_INCREMENT, AUTO_INCREMENT=526;

--
-- AUTO_INCREMENT for table `districts`
--
ALTER TABLE `districts`
  MODIFY `id` int(10) UNSIGNED NOT NULL AUTO_INCREMENT, AUTO_INCREMENT=59;

--
-- AUTO_INCREMENT for table `migrations`
--
ALTER TABLE `migrations`
  MODIFY `id` int(10) UNSIGNED NOT NULL AUTO_INCREMENT, AUTO_INCREMENT=22;

--
-- AUTO_INCREMENT for table `participants`
--
ALTER TABLE `participants`
  MODIFY `id` int(10) UNSIGNED NOT NULL AUTO_INCREMENT, AUTO_INCREMENT=151;

--
-- AUTO_INCREMENT for table `payment_methods`
--
ALTER TABLE `payment_methods`
  MODIFY `id` int(10) UNSIGNED NOT NULL AUTO_INCREMENT, AUTO_INCREMENT=3;

--
-- AUTO_INCREMENT for table `purchase_prices`
--
ALTER TABLE `purchase_prices`
  MODIFY `id` int(10) UNSIGNED NOT NULL AUTO_INCREMENT, AUTO_INCREMENT=12;

--
-- AUTO_INCREMENT for table `regencies`
--
ALTER TABLE `regencies`
  MODIFY `id` int(10) UNSIGNED NOT NULL AUTO_INCREMENT, AUTO_INCREMENT=11;

--
-- AUTO_INCREMENT for table `transport_intensities`
--
ALTER TABLE `transport_intensities`
  MODIFY `id` int(10) UNSIGNED NOT NULL AUTO_INCREMENT, AUTO_INCREMENT=18;

--
-- AUTO_INCREMENT for table `users`
--
ALTER TABLE `users`
  MODIFY `id` bigint(20) UNSIGNED NOT NULL AUTO_INCREMENT, AUTO_INCREMENT=3;
COMMIT;

/*!40101 SET CHARACTER_SET_CLIENT=@OLD_CHARACTER_SET_CLIENT */;
/*!40101 SET CHARACTER_SET_RESULTS=@OLD_CHARACTER_SET_RESULTS */;
/*!40101 SET COLLATION_CONNECTION=@OLD_COLLATION_CONNECTION */;
